Actual Price (INR),Predicted Price (INR),diff,
17996,16856.79412,1139.21,1139.21
3873,3971.46,-98.46,98.46
4462,5003.313253,-541.31,541.31
2228,2071,157,157
4991,4280.78,710.22,710.22
7670,7516.363636,153.64,153.64
14086,14767.4,-681.4,681.4
6386,6303,83,83
6628,6232.315789,395.68,395.68
6934,6249.085714,684.91,684.91
8714,8803.2,-89.2,89.2
13941,13983.55263,-42.55,42.55
12898,12776.93506,121.06,121.06
4729,6249.085714,-1520.09,1520.09
3625,3057.289855,567.71,567.71
10539,10070.65882,468.34,468.34
10262,10396.91979,-134.92,134.92
3841,3753.255319,87.74,87.74
5201,6249.085714,-1048.09,1048.09
5170,4619.409091,550.59,550.59
6857,5489.1,1367.9,1367.9
6220,7494.75,-1274.75,1274.75
5775,6649.625,-874.62,874.62
6442,6686.5,-244.5,244.5
12488,11480.2987,1007.7,1007.7
8586,10070.65882,-1484.66,1484.66
16736,16856.79412,-120.79,120.79
15764,16604,-840,840
4544,4690.44,-146.44,146.44
4668,4903.2,-235.2,235.2
14714,14746.15094,-32.15,32.15
6144,4690.44,1453.56,1453.56
6482,8697.75,-2215.75,2215.75
11134,10070.65882,1063.34,1063.34
12681,12901.64,-220.64,220.64
6442,6686.5,-244.5,244.5
3971,3971.46,-0.46,0.46
6478,6989.133333,-511.13,511.13
10262,10396.91979,-134.92,134.92
15129,15646.53846,-517.54,517.54
13292,13525.11494,-233.11,233.11
5780,4244.757925,1535.24,1535.24
10919,11038.22222,-119.22,119.22
19225,27210,-7985,7985
5054,5786.510204,-732.51,732.51
5894,5916.470588,-22.47,22.47
13502,9324.102941,4177.9,4177.9
2437,3173,-736,736
17261,16856.79412,404.21,404.21
10844,10854.53488,-10.53,10.53
13817,13744.23333,72.77,72.77
8372,8372,0,0
2754,3057.289855,-303.29,303.29
2470,3731.125,-1261.12,1261.12
13067,13700.41667,-633.42,633.42
3257,3753.255319,-496.26,496.26
12475,15721.25,-3246.25,3246.25
3841,3921.108108,-80.11,80.11
2050,2999.243243,-949.24,949.24
5601,4619.409091,981.59,981.59
16079,15646.53846,432.46,432.46
6069,6180.083333,-111.08,111.08
7408,7087,321,321
27992,27441,551,551
7354,8746.841463,-1392.84,1392.84
22294,19595,2699,2699
7229,7229,0,0
10262,10396.91979,-134.92,134.92
11467,12145.51111,-678.51,678.51
15135,15809.25397,-674.25,674.25
8073,7931.733333,141.27,141.27
5073,6233,-1160,1160
4823,4244.757925,578.24,578.24
12898,12776.93506,121.06,121.06
10877,11471.91837,-594.92,594.92
8073,12529.25641,-4456.26,4456.26
5644,4740.48,903.52,903.52
14781,14400.82317,380.18,380.18
15113,12733.57895,2379.42,2379.42
10262,10396.91979,-134.92,134.92
14848,12529.25641,2318.74,2318.74
10861,11674.73077,-813.73,813.73
14151,13062.59459,1088.41,1088.41
10262,10396.91979,-134.92,134.92
8907,8406.6,500.4,500.4
15129,15646.53846,-517.54,517.54
9663,10070.65882,-407.66,407.66
14924,14746.15094,177.85,177.85
7258,8406.6,-1148.6,1148.6
4667,5605.304348,-938.3,938.3
11038,9339.375,1698.62,1698.62
6961,5605.304348,1355.7,1355.7
10368,10724.02326,-356.02,356.02
13587,12529.25641,1057.74,1057.74
11411,12972.77778,-1561.78,1561.78
10203,11936,-1733,1733
3858,4244.757925,-386.76,386.76
11077,11129.5,-52.5,52.5
13348,9339.375,4008.62,4008.62
4544,4644.4,-100.4,100.4
6106,8746.841463,-2640.84,2640.84
8907,8406.6,500.4,500.4
9181,11674.73077,-2493.73,2493.73
9663,10070.65882,-407.66,407.66
4409,4245.653465,163.35,163.35
10835,12337.66667,-1502.67,1502.67
14151,12145.51111,2005.49,2005.49
13014,13471.64,-457.64,457.64
6885,6937,-52,52
8586,9324.102941,-738.1,738.1
5277,4244.757925,1032.24,1032.24
2470,4050,-1580,1580
3873,3753.255319,119.74,119.74
26890,25735,1155,1155
9181,8530.5,650.5,650.5
4804,4740.48,63.52,63.52
3717,3893.238095,-176.24,176.24
17234,16604,630,630
4668,4712.210526,-44.21,44.21
14815,16856.79412,-2041.79,2041.79
4823,4244.757925,578.24,578.24
26890,27441,-551,551
7718,7256.666667,461.33,461.33
5277,4244.757925,1032.24,1032.24
7229,7229,0,0
14714,14746.15094,-32.15,32.15
3597,3640.692308,-43.69,43.69
4668,4712.210526,-44.21,44.21
10197,12529.25641,-2332.26,2332.26
4145,5605.304348,-1460.3,1460.3
2175,2069.7,105.3,105.3
14714,15477.44444,-763.44,763.44
14714,14746.15094,-32.15,32.15
10703,9909.631579,793.37,793.37
3543,3558.047619,-15.05,15.05
9968,11253.80645,-1285.81,1285.81
10844,10070.65882,773.34,773.34
6961,5605.304348,1355.7,1355.7
10844,10070.65882,773.34,773.34
3943,4244.757925,-301.76,301.76
10262,10396.91979,-134.92,134.92
7514,6760.84375,753.16,753.16
10262,10396.91979,-134.92,134.92
4332,5003.313253,-671.31,671.31
6818,6823.894737,-5.89,5.89
1840,2594,-754,754
4804,4740.48,63.52,63.52
10657,11129.5,-472.5,472.5
5277,4244.757925,1032.24,1032.24
14300,13525.11494,774.89,774.89
7160,6335.5,824.5,824.5
12192,11471.91837,720.08,720.08
3807,4245.653465,-438.65,438.65
6674,6686.5,-12.5,12.5
13377,12529.25641,847.74,847.74
10441,11674.73077,-1233.73,1233.73
3943,3893.238095,49.76,49.76
6795,10550.75,-3755.75,3755.75
14571,14400.82317,170.18,170.18
10840,15474.5,-4634.5,4634.5
9526,8746.841463,779.16,779.16
7480,7350.176471,129.82,129.82
8614,8746.841463,-132.84,132.84
14657,15646.53846,-989.54,989.54
5224,4740.48,483.52,483.52
10844,8876.25,1967.75,1967.75
10529,9685.5,843.5,843.5
8099,8746.841463,-647.84,647.84
6896,6760.84375,135.16,135.16
6147,6249.085714,-102.09,102.09
13223,12340.21429,882.79,882.79
3543,3640.692308,-97.69,97.69
14714,14746.15094,-32.15,32.15
11622,11471.91837,150.08,150.08
3873,3753.255319,119.74,119.74
4174,4740.48,-566.48,566.48
10262,10396.91979,-134.92,134.92
4823,5000.4375,-177.44,177.44
3943,4244.757925,-301.76,301.76
6795,7549.769231,-754.77,754.77
16736,15455.33333,1280.67,1280.67
16294,16840,-546,546
17524,9134,8390,8390
13029,12427.25,601.75,601.75
18959,15474.5,3484.5,3484.5
21520,21730,-210,210
3971,3921.108108,49.89,49.89
5092,6591.058824,-1499.06,1499.06
6094,5605.304348,488.7,488.7
8452,9036.375,-584.38,584.38
3873,3753.255319,119.74,119.74
8040,7252.666667,787.33,787.33
10021,12733.57895,-2712.58,2712.58
13882,13471.64,410.36,410.36
13759,13970.36364,-211.36,211.36
4804,4740.48,63.52,63.52
5177,4757,420,420
12681,12901.64,-220.64,220.64
12373,12427.25,-54.25,54.25
3850,4244.757925,-394.76,394.76
6144,4690.44,1453.56,1453.56
4145,5605.304348,-1460.3,1460.3
4668,4668,0,0
11467,12145.51111,-678.51,678.51
7408,12529.25641,-5121.26,5121.26
10577,10396.91979,180.08,180.08
4995,4719.375,275.62,275.62
8529,10070.65882,-1541.66,1541.66
10844,10686.82353,157.18,157.18
10844,10070.65882,773.34,773.34
8016,8016,0,0
10844,10686.82353,157.18,157.18
7074,7494.75,-420.75,420.75
8452,8746.841463,-294.84,294.84
5224,4740.48,483.52,483.52
15764,16604,-840,840
14151,13369.61111,781.39,781.39
8033,5142,2891,2891
6218,6250,-32,32
17471,16856.79412,614.21,614.21
8505,8746.841463,-241.84,241.84
4804,4740.48,63.52,63.52
4823,4244.757925,578.24,578.24
11622,11421,201,201
6795,7087,-292,292
9483,11422.81818,-1939.82,1939.82
4990,5000.4375,-10.44,10.44
7064,7064,0,0
4030,4138.875,-108.88,108.88
3383,4245.653465,-862.65,862.65
4049,3669.489796,379.51,379.51
5755,5649,106,106
5769,6005.333333,-236.33,236.33
12093,11253.80645,839.19,839.19
15135,15809.25397,-674.25,674.25
6902,7360.911765,-458.91,458.91
3257,3971.46,-714.46,714.46
6673,12327,-5654,5654
7064,7064,0,0
7832,10070.65882,-2238.66,2238.66
5645,4245.653465,1399.35,1399.35
4823,4244.757925,578.24,578.24
10651,11253.80645,-602.81,602.81
9794,9685.5,108.5,108.5
6938,6603.5,334.5,334.5
10368,10724.02326,-356.02,356.02
11467,12145.51111,-678.51,678.51
7503,7400.230769,102.77,102.77
10844,10070.65882,773.34,773.34
6960,6529.571429,430.43,430.43
3943,4244.757925,-301.76,301.76
15200,15529,-329,329
17057,15809.25397,1247.75,1247.75
9328,8821.666667,506.33,506.33
15554,15646.53846,-92.54,92.54
14178,14400.82317,-222.82,222.82
4823,4244.757925,578.24,578.24
6171,6138,33,33
4226,5000.4375,-774.44,774.44
15554,15646.53846,-92.54,92.54
13377,12529.25641,847.74,847.74
6093,6532.588235,-439.59,439.59
4030,4690.44,-660.44,660.44
7670,8013.5,-343.5,343.5
6007,6659,-652,652
3175,3057.289855,117.71,117.71
7005,7188.75,-183.75,183.75
3597,4244.757925,-647.76,647.76
13292,13525.11494,-233.11,233.11
10262,10396.91979,-134.92,134.92
14781,14400.82317,380.18,380.18
4226,5000.4375,-774.44,774.44
4148,4115.222222,32.78,32.78
6095,7198,-1103,1103
4990,4244.757925,745.24,745.24
8513,8758.333333,-245.33,245.33
6351,7593.5,-1242.5,1242.5
9134,10070.65882,-936.66,936.66
1965,2069.7,-104.7,104.7
2017,2017,0,0
4268,4619.409091,-351.41,351.41
5000,5489.1,-489.1,489.1
4030,4690.44,-660.44,660.44
4591,4244.757925,346.24,346.24
7870,9593.2,-1723.2,1723.2
6316,6232.315789,83.68,83.68
3597,3564.6,32.4,32.4
16289,16835.4375,-546.44,546.44
10368,10724.02326,-356.02,356.02
14714,15477.44444,-763.44,763.44
10844,10854.53488,-10.53,10.53
7757,9324.102941,-1567.1,1567.1
6015,5489.1,525.9,525.9
10262,10396.91979,-134.92,134.92
8016,8056.384615,-40.38,40.38
3841,3753.255319,87.74,87.74
9870,8724.318182,1145.68,1145.68
6582,5786.510204,795.49,795.49
4482,5929.758621,-1447.76,1447.76
14300,13525.11494,774.89,774.89
11752,12648.39474,-896.39,896.39
12898,12776.93506,121.06,121.06
12940,11253.80645,1686.19,1686.19
3383,4245.653465,-862.65,862.65
12102,10794,1308,1308
8854,7400.230769,1453.77,1453.77
13469,13093,376,376
7005,7188.75,-183.75,183.75
4804,4740.48,63.52,63.52
5277,4244.757925,1032.24,1032.24
7503,7400.230769,102.77,102.77
7770,8746.841463,-976.84,976.84
3815,3834.2,-19.2,19.2
4423,4244.757925,178.24,178.24
12719,12372.79545,346.2,346.2
10953,12145.51111,-1192.51,1192.51
5989,4245.653465,1743.35,1743.35
11087,11087,0,0
7198,7087,111,111
8366,15938.6,-7572.6,7572.6
7574,6847.24,726.76,726.76
17024,16604,420,420
3841,3971.46,-130.46,130.46
11522,9790,1732,1732
18275,18275,0,0
3332,3349.333333,-17.33,17.33
14781,14400.82317,380.18,380.18
10844,9909.631579,934.37,934.37
6316,6232.315789,83.68,83.68
10667,6847.24,3819.76,3819.76
8016,8016,0,0
7005,7532.142857,-527.14,527.14
8040,7252.666667,787.33,787.33
5615,5968,-353,353
4441,5929.758621,-1488.76,1488.76
20800,20800,0,0
15603,15809.25397,-206.25,206.25
7933,12529.25641,-4596.26,4596.26
10031,8981.037736,1049.96,1049.96
9564,9564,0,0
8586,9324.102941,-738.1,738.1
5930,6914,-984,984
9128,11480.2987,-2352.3,2352.3
9134,8981.037736,152.96,152.96
6934,6249.085714,684.91,684.91
13470,9935.857143,3534.14,3534.14
7228,6914,314,314
10031,9352,679,679
14714,14746.15094,-32.15,32.15
11319,11188.125,130.88,130.88
9748,9130.857143,617.14,617.14
4591,4244.757925,346.24,346.24
7740,8746.841463,-1006.84,1006.84
15078,13066.47826,2011.52,2011.52
4273,4639.59375,-366.59,366.59
13376,13471.64,-95.64,95.64
4804,4740.48,63.52,63.52
12718,12648.39474,69.61,69.61
8227,8735,-508,508
7845,12327,-4482,4482
12373,12427.25,-54.25,54.25
7452,7574.25,-122.25,122.25
12961,11480.2987,1480.7,1480.7
8146,8146,0,0
14781,14400.82317,380.18,380.18
5228,5605.304348,-377.3,377.3
4823,4244.757925,578.24,578.24
7757,10070.65882,-2313.66,2313.66
13376,13525.11494,-149.11,149.11
14781,14400.82317,380.18,380.18
3859,4846.166667,-987.17,987.17
8266,8746.841463,-480.84,480.84
7354,8746.841463,-1392.84,1392.84
11627,10396.91979,1230.08,1230.08
6810,7340,-530,530
8577,10310.72549,-1733.73,1733.73
13759,13970.36364,-211.36,211.36
4544,4138.875,405.12,405.12
7711,12340.21429,-4629.21,4629.21
8784,6760.84375,2023.16,2023.16
9870,9948.5,-78.5,78.5
6934,6249.085714,684.91,684.91
6297,5003.313253,1293.69,1293.69
4864,5842,-978,978
5277,8697.75,-3420.75,3420.75
5683,6451,-768,768
8728,8821.666667,-93.67,93.67
8016,8056.384615,-40.38,40.38
5192,5192,0,0
14431,14856.46154,-425.46,425.46
15373,12529.25641,2843.74,2843.74
9564,9564,0,0
2385,1965,420,420
7229,7229,0,0
13591,11253.80645,2337.19,2337.19
7408,12529.25641,-5121.26,5121.26
4423,4244.757925,178.24,178.24
4823,4244.757925,578.24,578.24
3597,3597,0,0
12898,12776.93506,121.06,121.06
10394,9130.857143,1263.14,1263.14
13587,12529.25641,1057.74,1057.74
10216,12841,-2625,2625
13542,10794,2748,2748
12488,11253.80645,1234.19,1234.19
13029,12427.25,601.75,601.75
2227,2243.153846,-16.15,16.15
15554,15646.53846,-92.54,92.54
12284,12809.64,-525.64,525.64
4995,4719.375,275.62,275.62
8016,8056.384615,-40.38,40.38
6297,5003.313253,1293.69,1293.69
10262,10396.91979,-134.92,134.92
10791,6659,4132,4132
12373,12427.25,-54.25,54.25
6027,6871.571429,-844.57,844.57
15586,11480.2987,4105.7,4105.7
7485,10550.75,-3065.75,3065.75
3873,3971.46,-98.46,98.46
4778,5763.208333,-985.21,985.21
9134,10436,-1302,1302
10844,10070.65882,773.34,773.34
14594,13231.875,1362.12,1362.12
2753,3173,-420,420
5140,4692,448,448
6961,5489.1,1471.9,1471.9
7563,7619,-56,56
9166,8803.2,362.8,362.8
12524,10187.29412,2336.71,2336.71
10262,10396.91979,-134.92,134.92
13994,13093,901,901
12373,12427.25,-54.25,54.25
8016,8056.384615,-40.38,40.38
9417,11480.2987,-2063.3,2063.3
27992,26890,1102,1102
10844,10854.53488,-10.53,10.53
7295,8697.75,-1402.75,1402.75
8040,5678,2362,2362
4668,4712.210526,-44.21,44.21
11281,10310.72549,970.27,970.27
14714,14746.15094,-32.15,32.15
4256,6612.8,-2356.8,2356.8
15135,15809.25397,-674.25,674.25
8996,8996,0,0
14571,14400.82317,170.18,170.18
5298,5786.510204,-488.51,488.51
10844,10854.53488,-10.53,10.53
11633,4434,7199,7199
8085,8746.841463,-661.84,661.84
7670,13066.47826,-5396.48,5396.48
5117,5117,0,0
12127,11129.5,997.5,997.5
5228,5605.304348,-377.3,377.3
4823,4244.757925,578.24,578.24
31945,5003.313253,26941.69,26941.69
13014,13471.64,-457.64,457.64
3100,2890,210,210
4282,4245.653465,36.35,36.35
3858,4244.757925,-386.76,386.76
31825,25735,6090,6090
5883,5916.470588,-33.47,33.47
4409,4245.653465,163.35,163.35
10467,11480.2987,-1013.3,1013.3
14219,14353.5,-134.5,134.5
12032,12372.79545,-340.8,340.8
2228,4050,-1822,1822
13227,9817.714286,3409.29,3409.29
8073,12529.25641,-4456.26,4456.26
8601,10794,-2193,2193
3597,4244.757925,-647.76,647.76
19508,12841,6667,6667
14151,13700.41667,450.58,450.58
12373,12427.25,-54.25,54.25
10197,12529.25641,-2332.26,2332.26
7723,12529.25641,-4806.26,4806.26
3573,3971.46,-398.46,398.46
13587,12529.25641,1057.74,1057.74
4239,4244.757925,-5.76,5.76
7408,12529.25641,-5121.26,5121.26
6093,6213.111111,-120.11,120.11
3398,4244.757925,-846.76,846.76
6094,5605.304348,488.7,488.7
8586,10070.65882,-1484.66,1484.66
3419,4244.757925,-825.76,825.76
10366,7681,2685,2685
3543,3558.047619,-15.05,15.05
7662,8003.882353,-341.88,341.88
5298,5786.510204,-488.51,488.51
4823,5000.4375,-177.44,177.44
12537,8031.2,4505.8,4505.8
7670,8013.5,-343.5,343.5
4839,4639.59375,199.41,199.41
11992,11038.22222,953.78,953.78
10413,10434.06667,-21.07,21.07
3919,3921.108108,-2.11,2.11
9663,10070.65882,-407.66,407.66
14388,13983.55263,404.45,404.45
11467,12145.51111,-678.51,678.51
13775,15477.44444,-1702.44,1702.44
10844,10854.53488,-10.53,10.53
13882,13525.11494,356.89,356.89
14178,14400.82317,-222.82,222.82
5192,5243.2,-51.2,51.2
3175,2999.243243,175.76,175.76
4409,4245.653465,163.35,163.35
3419,4244.757925,-825.76,825.76
10844,10686.82353,157.18,157.18
6121,5605.304348,515.7,515.7
8669,8919.957447,-250.96,250.96
6094,6249.085714,-155.09,155.09
9481,7674.888889,1806.11,1806.11
4226,4619.409091,-393.41,393.41
11622,12337.85714,-715.86,715.86
3919,4280.78,-361.78,361.78
14151,13369.61111,781.39,781.39
4107,4245.653465,-138.65,138.65
14231,13970.36364,260.64,260.64
11789,10187.29412,1601.71,1601.71
4174,3971.46,202.54,202.54
7408,12529.25641,-5121.26,5121.26
13377,13066.47826,310.52,310.52
13465,11253.80645,2211.19,2211.19
4423,4244.757925,178.24,178.24
3858,4244.757925,-386.76,386.76
13759,13970.36364,-211.36,211.36
10262,10396.91979,-134.92,134.92
14231,13970.36364,260.64,260.64
9476,9749,-273,273
8534,9902.142857,-1368.14,1368.14
6493,6639,-146,146
10031,10070.65882,-39.66,39.66
5192,5192,0,0
4667,5605.304348,-938.3,938.3
2754,3057.289855,-303.29,303.29
4995,4719.375,275.62,275.62
8907,9050,-143,143
10844,10686.82353,157.18,157.18
3543,3558.047619,-15.05,15.05
13364,12901.64,462.36,462.36
8586,9324.102941,-738.1,738.1
12739,13983.55263,-1244.55,1244.55
18211,11253.80645,6957.19,6957.19
4804,4740.48,63.52,63.52
13044,13983.55263,-939.55,939.55
9922,8724.318182,1197.68,1197.68
11269,10794,475,475
10261,8746.841463,1514.16,1514.16
8854,7400.230769,1453.77,1453.77
4804,4740.48,63.52,63.52
14871,14340,531,531
3100,3669.489796,-569.49,569.49
26890,26890,0,0
21829,12461.33333,9367.67,9367.67
6795,13066.47826,-6271.48,6271.48
13532,12600.375,931.62,931.62
4049,3669.489796,379.51,379.51
7608,7628,-20,20
12358,11977.125,380.88,380.88
3898,4244.757925,-346.76,346.76
14178,13983.55263,194.45,194.45
7878,8746.841463,-868.84,868.84
10262,10396.91979,-134.92,134.92
16263,14746.15094,1516.85,1516.85
7229,7229,0,0
10482,6328.428571,4153.57,4153.57
3419,4244.757925,-825.76,825.76
11098,10717.8,380.2,380.2
5177,5348.75,-171.75,171.75
3943,4244.757925,-301.76,301.76
11399,12427.25,-1028.25,1028.25
3943,4244.757925,-301.76,301.76
5964,5763.208333,200.79,200.79
12287,11253.80645,1033.19,1033.19
5158,6484.875,-1326.88,1326.88
3687,11982,-8295,8295
10203,10434.06667,-231.07,231.07
10703,11480.2987,-777.3,777.3
3625,2890,735,735
9856,10167.5,-311.5,311.5
4226,4619.409091,-393.41,393.41
5601,5489.1,111.9,111.9
9646,9588.2,57.8,57.8
15284,15474.5,-190.5,190.5
4174,4740.48,-566.48,566.48
16736,16856.79412,-120.79,120.79
6144,4258.285714,1885.71,1885.71
15058,12529.25641,2528.74,2528.74
15339,13525.11494,1813.89,1813.89
14571,14400.82317,170.18,170.18
5201,6249.085714,-1048.09,1048.09
15119,13915,1204,1204
4878,5119.5,-241.5,241.5
10678,8746.841463,1931.16,1931.16
17531,11109.18182,6421.82,6421.82
9663,8981.037736,681.96,681.96
2050,2999.243243,-949.24,949.24
4823,4244.757925,578.24,578.24
6528,6528,0,0
6121,5605.304348,515.7,515.7
3873,4280.78,-407.78,407.78
4409,4245.653465,163.35,163.35
8372,8372,0,0
4591,4244.757925,346.24,346.24
7295,8697.75,-1402.75,1402.75
12725,12337.66667,387.33,387.33
5883,6529.571429,-646.57,646.57
7229,7229,0,0
3419,4244.757925,-825.76,825.76
11213,15938.6,-4725.6,4725.6
12898,12776.93506,121.06,121.06
10203,10643.2,-440.2,440.2
5162,5000.4375,161.56,161.56
4823,5000.4375,-177.44,177.44
10703,11480.2987,-777.3,777.3
9526,8746.841463,779.16,779.16
3898,4244.757925,-346.76,346.76
5198,4258.285714,939.71,939.71
4483,4245.653465,237.35,237.35
11654,11346.85714,307.14,307.14
9205,9685.5,-480.5,480.5
13428,10408,3020,3020
4591,4244.757925,346.24,346.24
8372,8372,0,0
4423,4244.757925,178.24,178.24
4823,4244.757925,578.24,578.24
7480,7480,0,0
9646,9588.2,57.8,57.8
4812,5622,-810,810
7229,7229,0,0
12242,12372.79545,-130.8,130.8
12192,10695.75,1496.25,1496.25
10844,9909.631579,934.37,934.37
14781,14400.82317,380.18,380.18
5111,11200,-6089,6089
7832,8981.037736,-1149.04,1149.04
12373,12427.25,-54.25,54.25
7229,7229,0,0
6216,6352.111111,-136.11,136.11
11342,12337.66667,-995.67,995.67
14848,12529.25641,2318.74,2318.74
11222,11480.2987,-258.3,258.3
3597,3597,0,0
7202,6612.8,589.2,589.2
16914,16835.4375,78.56,78.56
10539,10070.65882,468.34,468.34
5073,5065.111111,7.89,7.89
4030,4644.4,-614.4,614.4
11134,10854.53488,279.47,279.47
5740,4244.757925,1495.24,1495.24
11707,8419.266667,3287.73,3287.73
4804,4740.48,63.52,63.52
4319,4280.78,38.22,38.22
7851,9314,-1463,1463
4823,4244.757925,578.24,578.24
2754,2243.153846,510.85,510.85
3943,4244.757925,-301.76,301.76
12373,12427.25,-54.25,54.25
8366,8628.5,-262.5,262.5
9689,5608,4081,4081
4148,5003.313253,-855.31,855.31
4995,4719.375,275.62,275.62
10529,9685.5,843.5,843.5
11467,12145.51111,-678.51,678.51
3543,3558.047619,-15.05,15.05
4392,3669.489796,722.51,722.51
4148,4087.7,60.3,60.3
9483,11422.81818,-1939.82,1939.82
6144,6285.4,-141.4,141.4
6653,6847.24,-194.24,194.24
16863,17127.33333,-264.33,264.33
12373,12427.25,-54.25,54.25
10178,11253.80645,-1075.81,1075.81
9345,8746.841463,598.16,598.16
6117,6187,-70,70
11467,12145.51111,-678.51,678.51
12121,12145.51111,-24.51,24.51
3175,2999.243243,175.76,175.76
11421,11200,221,221
3873,3753.255319,119.74,119.74
12802,12648.39474,153.61,153.61
8586,8981.037736,-395.04,395.04
17024,17621.23077,-597.23,597.23
13941,14400.82317,-459.82,459.82
5177,4757,420,420
10493,12173,-1680,1680
5228,5605.304348,-377.3,377.3
10262,10396.91979,-134.92,134.92
4804,4740.48,63.52,63.52
10118,9909.631579,208.37,208.37
6015,5489.1,525.9,525.9
8028,7494.75,533.25,533.25
6477,6285.4,191.6,191.6
3815,4087.7,-272.7,272.7
4030,4690.44,-660.44,660.44
11222,11480.2987,-258.3,258.3
15147,15809.25397,-662.25,662.25
6795,10550.75,-3755.75,3755.75
5199,5012.666667,186.33,186.33
3625,3669.489796,-44.49,44.49
14848,12529.25641,2318.74,2318.74
14462,14340,122,122
8528,8419.266667,108.73,108.73
6253,6848.846154,-595.85,595.85
4880,5605.304348,-725.3,725.3
3687,3687,0,0
12898,12776.93506,121.06,121.06
6805,8746.841463,-1941.84,1941.84
14714,15477.44444,-763.44,763.44
14151,13062.59459,1088.41,1088.41
3573,3971.46,-398.46,398.46
12373,12427.25,-54.25,54.25
4205,3893.238095,311.76,311.76
4483,4245.653465,237.35,237.35
6121,5605.304348,515.7,515.7
6493,6250,243,243
6136,12295,-6159,6159
9653,11253.80645,-1600.81,1600.81
3841,3971.46,-130.46,130.46
4050,4076.25,-26.25,26.25
11596,12340.21429,-744.21,744.21
13377,12529.25641,847.74,847.74
5000,5489.1,-489.1,489.1
13628,7378,6250,6250
8603,10310.72549,-1707.73,1707.73
7191,7400.230769,-209.23,209.23
3597,4244.757925,-647.76,647.76
5586,6352.111111,-766.11,766.11
10844,9909.631579,934.37,934.37
5883,5916.470588,-33.47,33.47
20904,16835.4375,4068.56,4068.56
8372,8919.957447,-547.96,547.96
8016,8056.384615,-40.38,40.38
8996,8996,0,0
6752,7574.25,-822.25,822.25
10844,8981.037736,1862.96,1862.96
12192,12529.25641,-337.26,337.26
10844,10686.82353,157.18,157.18
2175,2402.333333,-227.33,227.33
7695,10794,-3099,3099
7695,10794,-3099,3099
3687,3687,0,0
6121,5605.304348,515.7,515.7
12515,12337.66667,177.33,177.33
3480,3893.238095,-413.24,413.24
4990,4244.757925,745.24,745.24
15129,15646.53846,-517.54,517.54
13067,13700.41667,-633.42,633.42
14714,15477.44444,-763.44,763.44
7198,12529.25641,-5331.26,5331.26
6704,6823.894737,-119.89,119.89
15353,15809.25397,-456.25,456.25
11789,11471.91837,317.08,317.08
6704,6823.894737,-119.89,119.89
4129,4391,-262,262
13626,14400.82317,-774.82,774.82
6442,6442,0,0
8372,8919.957447,-547.96,547.96
6314,6232.315789,81.68,81.68
14323,8746.841463,5576.16,5576.16
5883,6232.315789,-349.32,349.32
9941,9902.142857,38.86,38.86
15481,14856.46154,624.54,624.54
4239,4244.757925,-5.76,5.76
5678,5678,0,0
11848,14767.4,-2919.4,2919.4
14714,14746.15094,-32.15,32.15
12537,6847.24,5689.76,5689.76
15135,15809.25397,-674.25,674.25
4804,4740.48,63.52,63.52
4823,4244.757925,578.24,578.24
6645,6529.571429,115.43,115.43
9358,8355,1003,1003
27992,27441,551,551
3943,4244.757925,-301.76,301.76
18804,15477.44444,3326.56,3326.56
7933,12529.25641,-4596.26,4596.26
6253,6848.846154,-595.85,595.85
8030,7893,137,137
10262,10396.91979,-134.92,134.92
2754,3057.289855,-303.29,303.29
2228,2470,-242,242
4823,4244.757925,578.24,578.24
14151,13700.41667,450.58,450.58
9385,12529.25641,-3144.26,3144.26
8285,7360.911765,924.09,924.09
3873,3971.46,-98.46,98.46
8066,10070.65882,-2004.66,2004.66
7064,7064,0,0
10441,11674.73077,-1233.73,1233.73
11542,12648.39474,-1106.39,1106.39
13817,13744.23333,72.77,72.77
7708,7832,-124,124
11185,10310.72549,874.27,874.27
7664,12337.66667,-4673.67,4673.67
15147,18023.375,-2876.38,2876.38
16111,18473.5,-2362.5,2362.5
6442,6686.5,-244.5,244.5
14714,14746.15094,-32.15,32.15
14714,14746.15094,-32.15,32.15
14388,14400.82317,-12.82,12.82
12121,13062.59459,-941.59,941.59
6513,8746.841463,-2233.84,2233.84
13838,12461.33333,1376.67,1376.67
12488,11253.80645,1234.19,1234.19
10741,7674.888889,3066.11,3066.11
12371,29528,-17157,17157
12384,11619.90909,764.09,764.09
7202,4945.5,2256.5,2256.5
15339,13525.11494,1813.89,1813.89
5201,4846.166667,354.83,354.83
1965,2069.7,-104.7,104.7
5510,5605.304348,-95.3,95.3
9929,8919.957447,1009.04,1009.04
3873,3921.108108,-48.11,48.11
12898,12776.93506,121.06,121.06
4483,4245.653465,237.35,237.35
13584,13983.55263,-399.55,399.55
11003,26092,-15089,15089
14571,14400.82317,170.18,170.18
3873,4280.78,-407.78,407.78
5221,4870.5,350.5,350.5
10368,10724.02326,-356.02,356.02
7408,7486.5,-78.5,78.5
7480,8003.882353,-523.88,523.88
9663,10070.65882,-407.66,407.66
14231,13970.36364,260.64,260.64
6938,6869.428571,68.57,68.57
13843,14767.4,-924.4,924.4
17261,16856.79412,404.21,404.21
8586,8981.037736,-395.04,395.04
4804,4740.48,63.52,63.52
14714,14746.15094,-32.15,32.15
3971,3971.46,-0.46,0.46
4226,5000.4375,-774.44,774.44
4995,4719.375,275.62,275.62
4668,4668,0,0
7064,7064,0,0
15078,15809.25397,-731.25,731.25
13007,12648.39474,358.61,358.61
10262,10396.91979,-134.92,134.92
7064,7064,0,0
26890,22270,4620,4620
7564,8746.841463,-1182.84,1182.84
11087,9324.102941,1762.9,1762.9
12704,14594,-1890,1890
6943,6890.5,52.5,52.5
3257,3971.46,-714.46,714.46
8574,8735,-161,161
14323,8746.841463,5576.16,5576.16
3841,3971.46,-130.46,130.46
5989,4245.653465,1743.35,1743.35
4174,4740.48,-566.48,566.48
10197,12529.25641,-2332.26,2332.26
15147,18023.375,-2876.38,2876.38
5170,4115.222222,1054.78,1054.78
10844,10070.65882,773.34,773.34
7804,8746.841463,-942.84,942.84
4804,4740.48,63.52,63.52
4862,6328.428571,-1466.43,1466.43
7591,8851,-1260,1260
3419,4244.757925,-825.76,825.76
7575,8746.841463,-1171.84,1171.84
5769,6801.416667,-1032.42,1032.42
11841,9324.102941,2516.9,2516.9
3943,4244.757925,-301.76,301.76
6146,6871.571429,-725.57,725.57
12898,12776.93506,121.06,121.06
3898,4244.757925,-346.76,346.76
10262,10396.91979,-134.92,134.92
3841,3971.46,-130.46,130.46
14388,14400.82317,-12.82,12.82
3873,3971.46,-98.46,98.46
6046,5521,525,525
10844,10686.82353,157.18,157.18
12312,10794,1518,1518
3849,4811.5,-962.5,962.5
4148,5003.313253,-855.31,855.31
14143,12337.66667,1805.33,1805.33
5613,5615.45,-2.45,2.45
7038,8746.841463,-1708.84,1708.84
7725,7913.4,-188.4,188.4
12395,12477.64286,-82.64,82.64
9856,9092.583333,763.42,763.42
5797,5908,-111,111
5198,4690.44,507.56,507.56
11096,10434.06667,661.93,661.93
14882,14340,542,542
7229,7229,0,0
11432,12648.39474,-1216.39,1216.39
11411,12733.57895,-1322.58,1322.58
10368,10724.02326,-356.02,356.02
11087,10070.65882,1016.34,1016.34
11432,12648.39474,-1216.39,1216.39
9663,10070.65882,-407.66,407.66
6093,6529.571429,-436.57,436.57
7832,10070.65882,-2238.66,2238.66
13727,12529.25641,1197.74,1197.74
6938,6869.428571,68.57,68.57
10262,10396.91979,-134.92,134.92
4483,4245.653465,237.35,237.35
3873,3753.255319,119.74,119.74
5403,5615.45,-212.45,212.45
12717,12529.25641,187.74,187.74
17271,14767.4,2503.6,2503.6
4544,4690.44,-146.44,146.44
9736,10187.29412,-451.29,451.29
14300,13525.11494,774.89,774.89
7229,7229,0,0
5930,6914,-984,984
10623,10434.06667,188.93,188.93
8977,8724.318182,252.68,252.68
16373,18473.5,-2100.5,2100.5
12373,12427.25,-54.25,54.25
27282,13231.875,14050.12,14050.12
3175,2999.243243,175.76,175.76
4409,4245.653465,163.35,163.35
10262,10396.91979,-134.92,134.92
7451,7271,180,180
8153,13302,-5149,5149
4804,4740.48,63.52,63.52
4544,4644.4,-100.4,100.4
4804,4740.48,63.52,63.52
12898,12776.93506,121.06,121.06
4423,3921.108108,501.89,501.89
6327,6187,140,140
15764,16604,-840,840
10262,10396.91979,-134.92,134.92
13261,12337.66667,923.33,923.33
8016,8056.384615,-40.38,40.38
7354,8746.841463,-1392.84,1392.84
6565,5763.208333,801.79,801.79
8708,11480.2987,-2772.3,2772.3
3919,3971.46,-52.46,52.46
13377,12529.25641,847.74,847.74
14939,13983.55263,955.45,955.45
15554,14953.4,600.6,600.6
26890,27441,-551,551
3332,4087.7,-755.7,755.7
12242,12372.79545,-130.8,130.8
3573,3971.46,-398.46,398.46
9187,8724.318182,462.68,462.68
3543,3640.692308,-97.69,97.69
6092,15721.25,-9629.25,9629.25
3943,4244.757925,-301.76,301.76
10577,10396.91979,180.08,180.08
5694,5929.758621,-235.76,235.76
11982,11982,0,0
5510,5605.304348,-95.3,95.3
4423,4244.757925,178.24,178.24
8578,12295,-3717,3717
14781,14400.82317,380.18,380.18
4995,4719.375,275.62,275.62
18371,15477.44444,2893.56,2893.56
10703,10070.65882,632.34,632.34
9100,6847.24,2252.76,2252.76
3543,3640.692308,-97.69,97.69
4544,4690.44,-146.44,146.44
7229,6005.333333,1223.67,1223.67
8366,9050,-684,684
5195,5605.304348,-410.3,410.3
8542,7400.230769,1141.77,1141.77
10844,10854.53488,-10.53,10.53
8372,8919.957447,-547.96,547.96
7670,7931.733333,-261.73,261.73
5443,6484.875,-1041.88,1041.88
10262,10396.91979,-134.92,134.92
3173,2402.333333,770.67,770.67
5298,6328.428571,-1030.43,1030.43
10262,10396.91979,-134.92,134.92
6442,6442,0,0
4148,4115.222222,32.78,32.78
3603,2700,903,903
6093,6659,-566,566
13731,13983.55263,-252.55,252.55
8372,8919.957447,-547.96,547.96
7191,7400.230769,-209.23,209.23
2071,2594,-523,523
4544,4690.44,-146.44,146.44
8366,8628.5,-262.5,262.5
12327,6847.24,5479.76,5479.76
4460,5605.304348,-1145.3,1145.3
1965,2753,-788,788
14714,15477.44444,-763.44,763.44
3873,4280.78,-407.78,407.78
13941,13983.55263,-42.55,42.55
9021,6943.571429,2077.43,2077.43
14629,12337.85714,2291.14,2291.14
14781,14400.82317,380.18,380.18
15107,13878.58333,1228.42,1228.42
8656,11253.80645,-2597.81,2597.81
8099,8746.841463,-647.84,647.84
6305,6847.24,-542.24,542.24
6818,6442,376,376
3943,4244.757925,-301.76,301.76
11622,11471.91837,150.08,150.08
4544,4644.4,-100.4,100.4
3943,4244.757925,-301.76,301.76
6442,6442,0,0
5769,6005.333333,-236.33,236.33
4864,6069,-1205,1205
10262,10396.91979,-134.92,134.92
8085,8746.841463,-661.84,661.84
14231,13970.36364,260.64,260.64
11542,12648.39474,-1106.39,1106.39
4148,5003.313253,-855.31,855.31
12767,12372.79545,394.2,394.2
7229,7229,0,0
8586,9324.102941,-738.1,738.1
3841,3971.46,-130.46,130.46
8610,8746.841463,-136.84,136.84
3850,4244.757925,-394.76,394.76
6171,6171,0,0
4804,4740.48,63.52,63.52
10844,10854.53488,-10.53,10.53
4729,4115.222222,613.78,613.78
7229,7229,0,0
1965,2069.7,-104.7,104.7
12692,13369.61111,-677.61,677.61
14714,14746.15094,-32.15,32.15
3597,4244.757925,-647.76,647.76
8586,10854.53488,-2268.53,2268.53
4804,4740.48,63.52,63.52
22270,19225,3045,3045
9663,9909.631579,-246.63,246.63
9663,9324.102941,338.9,338.9
20999,22401,-1402,1402
10444,10167.5,276.5,276.5
4544,4258.285714,285.71,285.71
14571,14400.82317,170.18,170.18
14781,14400.82317,380.18,380.18
7064,5608,1456,1456
6197,6847.24,-650.24,650.24
5515,4811.5,703.5,703.5
10262,10396.91979,-134.92,134.92
5052,6069,-1017,1017
1965,2069.7,-104.7,104.7
7229,7229,0,0
9663,8586,1077,1077
3543,3558.047619,-15.05,15.05
6442,6760.84375,-318.84,318.84
10844,10854.53488,-10.53,10.53
13044,14400.82317,-1356.82,1356.82
5158,5004.666667,153.33,153.33
3898,4244.757925,-346.76,346.76
13377,12529.25641,847.74,847.74
7189,7293.5,-104.5,104.5
17261,16856.79412,404.21,404.21
5678,6690.285714,-1012.29,1012.29
14714,14746.15094,-32.15,32.15
10676,9902.142857,773.86,773.86
4030,4644.4,-614.4,614.4
6795,6943.571429,-148.57,148.57
6300,6300,0,0
3100,3057.289855,42.71,42.71
14714,14746.15094,-32.15,32.15
8040,7252.666667,787.33,787.33
3943,3893.238095,49.76,49.76
14151,13369.61111,781.39,781.39
14871,14303.52,567.48,567.48
9663,10070.65882,-407.66,407.66
19329,20384.5,-1055.5,1055.5
14871,14303.52,567.48,567.48
5822,8023.333333,-2201.33,2201.33
12719,12372.79545,346.2,346.2
6015,6249.085714,-234.09,234.09
14815,15455.33333,-640.33,640.33
8372,8372,0,0
16079,15646.53846,432.46,432.46
13731,13983.55263,-252.55,252.55
18485,18275,210,210
9899,10553.23077,-654.23,654.23
8745,9749,-1004,1004
5678,5678,0,0
8777,7102,1675,1675
4812,4639,173,173
15544,15544,0,0
4823,4244.757925,578.24,578.24
3597,3597,0,0
7064,7064,0,0
26890,25735,1155,1155
16263,15646.53846,616.46,616.46
6442,6442,0,0
13344,13344,0,0
7229,7155.333333,73.67,73.67
6810,5192,1618,1618
11087,10070.65882,1016.34,1016.34
9345,8746.841463,598.16,598.16
15129,15646.53846,-517.54,517.54
13885,14667.52174,-782.52,782.52
6818,6869.428571,-51.43,51.43
3859,3640.692308,218.31,218.31
6297,5003.313253,1293.69,1293.69
16352,14042,2310,2310
10972,9324.102941,1647.9,1647.9
8488,5622,2866,2866
3898,4244.757925,-346.76,346.76
4667,5605.304348,-938.3,938.3
12192,12529.25641,-337.26,337.26
13062,10794,2268,2268
15129,15646.53846,-517.54,517.54
7198,7931.733333,-733.73,733.73
4864,6069,-1205,1205
8073,8013.5,59.5,59.5
6093,6529.571429,-436.57,436.57
16389,7619,8770,8770
10844,10070.65882,773.34,773.34
15129,15646.53846,-517.54,517.54
8610,8746.841463,-136.84,136.84
14388,14400.82317,-12.82,12.82
3597,4244.757925,-647.76,647.76
3597,3597,0,0
10262,10396.91979,-134.92,134.92
14781,14400.82317,380.18,380.18
16079,15646.53846,432.46,432.46
10031,10854.53488,-823.53,823.53
6482,6603.5,-121.5,121.5
8026,10310.72549,-2284.73,2284.73
16289,15646.53846,642.46,642.46
6144,4258.285714,1885.71,1885.71
3873,3971.46,-98.46,98.46
4544,4258.285714,285.71,285.71
9486,9588.2,-102.2,102.2
8714,8803.2,-89.2,89.2
10529,9685.5,843.5,843.5
10262,10396.91979,-134.92,134.92
9187,8746.841463,440.16,440.16
3943,4244.757925,-301.76,301.76
10953,12145.51111,-1192.51,1192.51
14151,12145.51111,2005.49,2005.49
10112,10745,-633,633
10676,9902.142857,773.86,773.86
1965,1988.25,-23.25,23.25
2227,2243.153846,-16.15,16.15
14714,14746.15094,-32.15,32.15
9135,8724.318182,410.68,410.68
5126,6254,-1128,1128
4148,4115.222222,32.78,32.78
12927,11667,1260,1260
13727,12529.25641,1197.74,1197.74
4423,4244.757925,178.24,178.24
3897,5929.758621,-2032.76,2032.76
13067,13700.41667,-633.42,633.42
23583,24528,-945,945
7229,7229,0,0
11628,21130,-9502,9502
15764,16835.4375,-1071.44,1071.44
3145,4115.222222,-970.22,970.22
19225,19225,0,0
8372,8919.957447,-547.96,547.96
9314,7064,2250,2250
14781,14400.82317,380.18,380.18
14360,9042,5318,5318
13082,12372.79545,709.2,709.2
3543,3558.047619,-15.05,15.05
4823,4244.757925,578.24,578.24
4460,5605.304348,-1145.3,1145.3
12121,12145.51111,-24.51,24.51
9508,10224.9,-716.9,716.9
5618,5763.208333,-145.21,145.21
12127,11129.5,997.5,997.5
4804,4740.48,63.52,63.52
14178,13983.55263,194.45,194.45
13628,7378,6250,6250
10697,11480.2987,-783.3,783.3
16079,15646.53846,432.46,432.46
9663,10070.65882,-407.66,407.66
11982,11982,0,0
5224,4740.48,483.52,483.52
6934,6249.085714,684.91,684.91
4326,5003.313253,-677.31,677.31
12373,12427.25,-54.25,54.25
17234,17621.23077,-387.23,387.23
8541,8056.384615,484.62,484.62
11245,8005,3240,3240
4744,5786.510204,-1042.51,1042.51
6938,6869.428571,68.57,68.57
14151,13700.41667,450.58,450.58
5176,5929.758621,-753.76,753.76
4784,5649,-865,865
14714,14746.15094,-32.15,32.15
3543,3558.047619,-15.05,15.05
9397,8746.841463,650.16,650.16
6094,5605.304348,488.7,488.7
10197,12529.25641,-2332.26,2332.26
4804,4740.48,63.52,63.52
7229,7229,0,0
7171,5605.304348,1565.7,1565.7
11702,12372.79545,-670.8,670.8
5642,5572,70,70
15812,15812,0,0
2227,2999.243243,-772.24,772.24
5842,5268,574,574
5403,5615.45,-212.45,212.45
10991,12972.77778,-1981.78,1981.78
5046,5786.510204,-740.51,740.51
12009,15938.6,-3929.6,3929.6
16736,16856.79412,-120.79,120.79
3809,3893.238095,-84.24,84.24
6300,4087.7,2212.3,2212.3
13727,13066.47826,660.52,660.52
6528,6528,0,0
4392,3057.289855,1334.71,1334.71
13696,12340.21429,1355.79,1355.79
13014,13525.11494,-511.11,511.11
13584,13983.55263,-399.55,399.55
8040,7252.666667,787.33,787.33
10031,10686.82353,-655.82,655.82
10262,10396.91979,-134.92,134.92
8662,8746.841463,-84.84,84.84
6093,5908,185,185
6600,6869.428571,-269.43,269.43
6575,8147,-1572,1572
9899,10070.65882,-171.66,171.66
11667,12337.85714,-670.86,670.86
3841,4280.78,-439.78,439.78
11087,11087,0,0
3573,3753.255319,-180.26,180.26
7485,7532.142857,-47.14,47.14
7662,7662,0,0
3841,3971.46,-130.46,130.46
4148,4115.222222,32.78,32.78
3898,4244.757925,-346.76,346.76
8341,11674.73077,-3333.73,3333.73
7229,7229,0,0
5678,5678,0,0
5403,5615.45,-212.45,212.45
5198,4690.44,507.56,507.56
13555,12809.64,745.36,745.36
7215,10794,-3579,3579
10208,8735,1473,1473
8147,10070.65882,-1923.66,1923.66
9443,11253.80645,-1810.81,1810.81
13062,10794,2268,2268
4423,4244.757925,178.24,178.24
9064,7725,1339,1339
14960,14667.52174,292.48,292.48
3625,3669.489796,-44.49,44.49
10203,10434.06667,-231.07,231.07
6144,4258.285714,1885.71,1885.71
9646,8746.841463,899.16,899.16
16289,16835.4375,-546.44,546.44
4409,4245.653465,163.35,163.35
11542,12648.39474,-1106.39,1106.39
4649,4823.666667,-174.67,174.67
9100,6847.24,2252.76,2252.76
14231,13970.36364,260.64,260.64
14871,14303.52,567.48,567.48
13587,12529.25641,1057.74,1057.74
4911,4280.78,630.22,630.22
6637,6847.24,-210.24,210.24
7408,7486.5,-78.5,78.5
9314,10070.65882,-756.66,756.66
7171,5605.304348,1565.7,1565.7
5198,4258.285714,939.71,939.71
8586,9409.181818,-823.18,823.18
5935,8821.666667,-2886.67,2886.67
5069,5069,0,0
16946,12809.64,4136.36,4136.36
6094,6249.085714,-155.09,155.09
7174,9050,-1876,1876
14714,15477.44444,-763.44,763.44
4544,4690.44,-146.44,146.44
7438,6529.571429,908.43,908.43
5769,6250.066667,-481.07,481.07
6007,6659,-652,652
11753,12225.5,-472.5,472.5
10262,10396.91979,-134.92,134.92
7664,9331.2,-1667.2,1667.2
15135,15809.25397,-674.25,674.25
5228,5605.304348,-377.3,377.3
7384,7242.2,141.8,141.8
16736,16856.79412,-120.79,120.79
4491,3971.46,519.54,519.54
5601,5489.1,111.9,111.9
12192,11471.91837,720.08,720.08
7229,7229,0,0
2228,3012.153846,-784.15,784.15
11753,12225.5,-472.5,472.5
7005,7188.75,-183.75,183.75
13344,13344,0,0
5192,6848.846154,-1656.85,1656.85
10199,10724.02326,-525.02,525.02
11386,12340.21429,-954.21,954.21
5224,4740.48,483.52,483.52
8224,8746.841463,-522.84,522.84
12692,13369.61111,-677.61,677.61
10262,10396.91979,-134.92,134.92
6838,7360.911765,-522.91,522.91
7927,8746.841463,-819.84,819.84
15411,15809.25397,-398.25,398.25
7408,10695.75,-3287.75,3287.75
5752,6871.571429,-1119.57,1119.57
14441,15477.44444,-1036.44,1036.44
10262,10396.91979,-134.92,134.92
14151,13369.61111,781.39,781.39
2017,2069.7,-52.7,52.7
21483,34608,-13125,13125
5975,5369.875,605.12,605.12
10844,10854.53488,-10.53,10.53
8662,8746.841463,-84.84,84.84
14848,12529.25641,2318.74,2318.74
6017,6529.571429,-512.57,512.57
7615,5003.313253,2611.69,2611.69
9929,8406.6,1522.4,1522.4
13152,10794,2358,2358
4886,4945.5,-59.5,59.5
4990,4244.757925,745.24,745.24
5298,5786.510204,-488.51,488.51
11185,11253.80645,-68.81,68.81
14960,14667.52174,292.48,292.48
4435,5763.208333,-1328.21,1328.21
4282,4245.653465,36.35,36.35
14871,14303.52,567.48,567.48
5176,5605.304348,-429.3,429.3
7005,7188.75,-183.75,183.75
10368,10724.02326,-356.02,356.02
9663,8586,1077,1077
4668,4668,0,0
7787,8746.841463,-959.84,959.84
4878,4668,210,210
9694,10067,-373,373
8040,7252.666667,787.33,787.33
6093,6213.111111,-120.11,120.11
8610,8746.841463,-136.84,136.84
27992,26890,1102,1102
7480,7350.176471,129.82,129.82
6208,5929.758621,278.24,278.24
14871,14303.52,567.48,567.48
4823,4244.757925,578.24,578.24
7317,6547,770,770
17024,16604,420,420
18752,16835.4375,1916.56,1916.56
4441,4434,7,7
14069,14594,-525,525
14687,12648.39474,2038.61,2038.61
9001,8746.841463,254.16,254.16
14714,15477.44444,-763.44,763.44
3175,3057.289855,117.71,117.71
18485,18275,210,210
4544,4258.285714,285.71,285.71
2754,3057.289855,-303.29,303.29
9794,9685.5,108.5,108.5
7354,8746.841463,-1392.84,1392.84
10577,10396.91979,180.08,180.08
7229,7229,0,0
5177,5177,0,0
4777,5929.758621,-1152.76,1152.76
6558,6603.5,-45.5,45.5
6955,6955,0,0
5403,5140.5,262.5,262.5
6758,7400.230769,-642.23,642.23
9135,9036.375,98.62,98.62
5403,5337.941176,65.06,65.06
16704,15646.53846,1057.46,1057.46
18550,17621.23077,928.77,928.77
3419,4244.757925,-825.76,825.76
10844,10686.82353,157.18,157.18
11447,10310.72549,1136.27,1136.27
4804,4740.48,63.52,63.52
17686,13915,3771,3771
21829,10167.5,11661.5,11661.5
4423,3971.46,451.54,451.54
3807,4245.653465,-438.65,438.65
4435,5003.313253,-568.31,568.31
14924,15477.44444,-553.44,553.44
11160,11188.125,-28.12,28.12
5755,3669.489796,2085.51,2085.51
34503,34608,-105,105
15342,14767.4,574.6,574.6
15342,15809.25397,-467.25,467.25
3943,3893.238095,49.76,49.76
13941,14400.82317,-459.82,459.82
7354,8746.841463,-1392.84,1392.84
13376,13525.11494,-149.11,149.11
3543,3558.047619,-15.05,15.05
13376,13525.11494,-149.11,149.11
3540,4244.757925,-704.76,704.76
9856,9588.2,267.8,267.8
54826,35185,19641,19641
6838,6213.111111,624.89,624.89
4174,4740.48,-566.48,566.48
14388,14400.82317,-12.82,12.82
14687,12648.39474,2038.61,2038.61
14960,14667.52174,292.48,292.48
7870,5192,2678,2678
6010,6987,-977,977
8366,8406.6,-40.6,40.6
6205,7674.888889,-1469.89,1469.89
6216,6352.111111,-136.11,136.11
6628,6213.111111,414.89,414.89
6104,6760.84375,-656.84,656.84
23533,36983,-13450,13450
12173,12340.21429,-167.21,167.21
14571,14400.82317,170.18,170.18
10844,10070.65882,773.34,773.34
12373,12427.25,-54.25,54.25
10493,12340.21429,-1847.21,1847.21
10844,10686.82353,157.18,157.18
9443,11253.80645,-1810.81,1810.81
4804,4740.48,63.52,63.52
7202,4945.5,2256.5,2256.5
1759,2069.7,-310.7,310.7
9165,9749,-584,584
3841,4280.78,-439.78,439.78
11467,12145.51111,-678.51,678.51
17198,13872,3326,3326
13044,14400.82317,-1356.82,1356.82
11087,10070.65882,1016.34,1016.34
15147,15529,-382,382
13941,14400.82317,-459.82,459.82
10262,10396.91979,-134.92,134.92
13502,9324.102941,4177.9,4177.9
11982,11982,0,0
11538,12372.79545,-834.8,834.8
14571,14400.82317,170.18,170.18
7199,7360.911765,-161.91,161.91
5162,5489.1,-327.1,327.1
7229,6989.133333,239.87,239.87
10112,9749,363,363
4423,4244.757925,178.24,178.24
12327,6847.24,5479.76,5479.76
7801,7674.888889,126.11,126.11
7893,7893,0,0
5678,5678,0,0
21226,17127.33333,4098.67,4098.67
5201,6249.085714,-1048.09,1048.09
5704,5859.133333,-155.13,155.13
5224,4740.48,483.52,483.52
3543,3640.692308,-97.69,97.69
10262,10396.91979,-134.92,134.92
6781,11346.85714,-4565.86,4565.86
4319,3971.46,347.54,347.54
10368,10724.02326,-356.02,356.02
14714,14746.15094,-32.15,32.15
3841,3921.108108,-80.11,80.11
17024,17621.23077,-597.23,597.23
7094,6674,420,420
7931,5763.208333,2167.79,2167.79
7229,7229,0,0
4823,4244.757925,578.24,578.24
16736,16856.79412,-120.79,120.79
9103,9685.5,-582.5,582.5
10678,10717.8,-39.8,39.8
3873,3753.255319,119.74,119.74
4804,4740.48,63.52,63.52
9663,9663,0,0
4804,4740.48,63.52,63.52
11667,11421,246,246
12392,11480.2987,911.7,911.7
4823,4244.757925,578.24,578.24
6386,6303,83,83
11627,10396.91979,1230.08,1230.08
10844,10686.82353,157.18,157.18
17261,16856.79412,404.21,404.21
5769,6989.133333,-1220.13,1220.13
12819,12372.79545,446.2,446.2
8026,6732.5,1293.5,1293.5
11848,14767.4,-2919.4,2919.4
9706,10310.72549,-604.73,604.73
9627,9685.5,-58.5,58.5
2759,4050,-1291,1291
4487,4487,0,0
6232,6233,-1,1
12723,12733.57895,-10.58,10.58
4544,4258.285714,285.71,285.71
14323,12529.25641,1793.74,1793.74
6991,8172,-1181,1181
13587,12529.25641,1057.74,1057.74
27992,26890,1102,1102
6195,6871.571429,-676.57,676.57
3943,3893.238095,49.76,49.76
9103,10156.44444,-1053.44,1053.44
7229,7229,0,0
9838,10794,-956,956
3943,4244.757925,-301.76,301.76
16079,15646.53846,432.46,432.46
7408,7486.5,-78.5,78.5
9443,11253.80645,-1810.81,1810.81
5000,4619.409091,380.59,380.59
12898,12776.93506,121.06,121.06
17471,16856.79412,614.21,614.21
11789,10187.29412,1601.71,1601.71
14871,14303.52,567.48,567.48
14388,14400.82317,-12.82,12.82
3210,3012.153846,197.85,197.85
3943,4244.757925,-301.76,301.76
9663,10070.65882,-407.66,407.66
14424,13878.58333,545.42,545.42
3815,3834.2,-19.2,19.2
8610,8746.841463,-136.84,136.84
6860,7674.888889,-814.89,814.89
13169,14353.5,-1184.5,1184.5
5510,5605.304348,-95.3,95.3
10844,10070.65882,773.34,773.34
7923,7674.888889,248.11,248.11
6442,6388.75,53.25,53.25
8610,8724.318182,-114.32,114.32
14388,13983.55263,404.45,404.45
2050,2999.243243,-949.24,949.24
9526,10187.29412,-661.29,661.29
7832,7810.266667,21.73,21.73
13437,14667.52174,-1230.52,1230.52
10262,10396.91979,-134.92,134.92
8529,10070.65882,-1541.66,1541.66
7594,8981.037736,-1387.04,1387.04
10361,9902.142857,458.86,458.86
7229,7229,0,0
4957,5369.875,-412.88,412.88
5644,4740.48,903.52,903.52
3175,5649,-2474,2474
14231,13970.36364,260.64,260.64
6838,7360.911765,-522.91,522.91
4544,4644.4,-100.4,100.4
8366,8406.6,-40.6,40.6
4174,4280.78,-106.78,106.78
10678,8746.841463,1931.16,1931.16
17261,16856.79412,404.21,404.21
14781,14400.82317,380.18,380.18
10262,10396.91979,-134.92,134.92
10756,10310.72549,445.27,445.27
10262,10396.91979,-134.92,134.92
12032,12372.79545,-340.8,340.8
5228,5605.304348,-377.3,377.3
10877,11471.91837,-594.92,594.92
5073,5489.1,-416.1,416.1
8147,10070.65882,-1923.66,1923.66
9314,9409.181818,-95.18,95.18
6938,6760.84375,177.16,177.16
8372,8372,0,0
6612,7399.5,-787.5,787.5
10051,8746.841463,1304.16,1304.16
4995,4719.375,275.62,275.62
11098,8746.841463,2351.16,2351.16
5406,5348.75,57.25,57.25
3898,4244.757925,-346.76,346.76
4482,5929.758621,-1447.76,1447.76
5608,6287,-679,679
4030,4690.44,-660.44,660.44
5883,5916.470588,-33.47,33.47
7295,8697.75,-1402.75,1402.75
8728,8821.666667,-93.67,93.67
7646,8746.841463,-1100.84,1100.84
4565,5369.875,-804.88,804.88
4174,4740.48,-566.48,566.48
10262,10396.91979,-134.92,134.92
12351,14303.52,-1952.52,1952.52
5000,5489.1,-489.1,489.1
4423,4244.757925,178.24,178.24
11201,11253.80645,-52.81,52.81
10262,10396.91979,-134.92,134.92
14431,14856.46154,-425.46,425.46
6121,5605.304348,515.7,515.7
4174,4280.78,-106.78,106.78
10844,9324.102941,1519.9,1519.9
4990,3893.238095,1096.76,1096.76
5228,5605.304348,-377.3,377.3
7354,8746.841463,-1392.84,1392.84
6752,6848.846154,-96.85,96.85
10972,9324.102941,1647.9,1647.9
7648,7674.888889,-26.89,26.89
10262,10396.91979,-134.92,134.92
10031,9324.102941,706.9,706.9
8907,8003.882353,903.12,903.12
6628,6213.111111,414.89,414.89
3175,2999.243243,175.76,175.76
13292,13525.11494,-233.11,233.11
7045,11087,-4042,4042
13748,17712.25,-3964.25,3964.25
14571,14400.82317,170.18,170.18
6979,7400.230769,-421.23,421.23
4174,4740.48,-566.48,566.48
12898,12776.93506,121.06,121.06
11148,9902.142857,1245.86,1245.86
12373,12427.25,-54.25,54.25
8372,8919.957447,-547.96,547.96
10844,9909.631579,934.37,934.37
10031,10070.65882,-39.66,39.66
4145,5605.304348,-1460.3,1460.3
7923,7400.230769,522.77,522.77
3943,4244.757925,-301.76,301.76
10262,10396.91979,-134.92,134.92
3419,4244.757925,-825.76,825.76
8372,8919.957447,-547.96,547.96
10197,12529.25641,-2332.26,2332.26
5177,4757,420,420
7870,7340,530,530
4775,4619.409091,155.59,155.59
4804,4740.48,63.52,63.52
3943,4244.757925,-301.76,301.76
10262,10396.91979,-134.92,134.92
12242,11109.18182,1132.82,1132.82
7408,12529.25641,-5121.26,5121.26
6300,6300,0,0
14053,14767.4,-714.4,714.4
11841,10854.53488,986.47,986.47
13873,13878.58333,-5.58,5.58
3100,2890,210,210
6147,6250,-103,103
13339,13970.36364,-631.36,631.36
6007,6659,-652,652
3342,2999.243243,342.76,342.76
14714,13525.11494,1188.89,1188.89
12347,12372.79545,-25.8,25.8
10844,10686.82353,157.18,157.18
8991,8406.6,584.4,584.4
13033,13878.58333,-845.58,845.58
13044,14400.82317,-1356.82,1356.82
12692,13369.61111,-677.61,677.61
17261,16856.79412,404.21,404.21
14298,10310.72549,3987.27,3987.27
4860,5000.4375,-140.44,140.44
11432,11480.2987,-48.3,48.3
10577,10396.91979,180.08,180.08
15554,15646.53846,-92.54,92.54
3419,4244.757925,-825.76,825.76
12898,12776.93506,121.06,121.06
3943,4244.757925,-301.76,301.76
6541,5489.1,1051.9,1051.9
6121,5605.304348,515.7,515.7
3257,3971.46,-714.46,714.46
5198,4690.44,507.56,507.56
9663,10070.65882,-407.66,407.66
8001,6714.5,1286.5,1286.5
17476,17712.25,-236.25,236.25
5198,5003.313253,194.69,194.69
8143,12529.25641,-4386.26,4386.26
6284,8567,-2283,2283
8855,9280.111111,-425.11,425.11
3419,4244.757925,-825.76,825.76
3850,4244.757925,-394.76,394.76
7927,9036.375,-1109.38,1109.38
18275,18485,-210,210
13067,12145.51111,921.49,921.49
6069,6180.083333,-111.08,111.08
12327,6847.24,5479.76,5479.76
5228,5605.304348,-377.3,377.3
8327,8419.266667,-92.27,92.27
8586,9324.102941,-738.1,738.1
4823,4244.757925,578.24,578.24
5883,5916.470588,-33.47,33.47
10394,11346.85714,-952.86,952.86
4145,5605.304348,-1460.3,1460.3
7832,7810.266667,21.73,21.73
7198,7087,111,111
14388,14400.82317,-12.82,12.82
8098,9206,-1108,1108
14151,13700.41667,450.58,450.58
9663,9324.102941,338.9,338.9
3383,4245.653465,-862.65,862.65
11111,13539.33333,-2428.33,2428.33
13882,13525.11494,356.89,356.89
14482,12648.39474,1833.61,1833.61
6416,6232.315789,183.68,183.68
13882,13525.11494,356.89,356.89
10262,10396.91979,-134.92,134.92
12308,9339.375,2968.62,2968.62
7845,8213,-368,368
5277,4244.757925,1032.24,1032.24
3383,4245.653465,-862.65,862.65
4991,3971.46,1019.54,1019.54
14848,12529.25641,2318.74,2318.74
13062,10794,2268,2268
3815,4087.7,-272.7,272.7
9564,9564,0,0
3384,4115.222222,-731.22,731.22
25735,25735,0,0
7174,8172,-998,998
4878,4903.2,-25.2,25.2
6224,9324.102941,-3100.1,3100.1
16274,15646.53846,627.46,627.46
9134,9324.102941,-190.1,190.1
7280,5142,2138,2138
5678,5678,0,0
12692,13700.41667,-1008.42,1008.42
5583,5786.510204,-203.51,203.51
14871,14303.52,567.48,567.48
6643,8746.841463,-2103.84,2103.84
10844,8981.037736,1862.96,1862.96
6442,6686.5,-244.5,244.5
8040,8040,0,0
3540,4244.757925,-704.76,704.76
5613,5337.941176,275.06,275.06
13381,11253.80645,2127.19,2127.19
6818,6442,376,376
15107,14856.46154,250.54,250.54
10877,11471.91837,-594.92,594.92
7740,7188.75,551.25,551.25
3419,4244.757925,-825.76,825.76
6117,6187,-70,70
11507,10724.02326,782.98,782.98
4307,2999.243243,1307.76,1307.76
12284,12809.64,-525.64,525.64
13591,11253.80645,2337.19,2337.19
12395,12477.64286,-82.64,82.64
12121,13700.41667,-1579.42,1579.42
6643,9324.102941,-2681.1,2681.1
10877,11471.91837,-594.92,594.92
18260,18260,0,0
14781,14400.82317,380.18,380.18
4823,4244.757925,578.24,578.24
18191,16840,1351,1351
13555,13817,-262,262
5755,4391,1364,1364
5601,6249.085714,-648.09,648.09
10262,10396.91979,-134.92,134.92
9564,9564,0,0
5069,5069,0,0
4632,4244.757925,387.24,387.24
4760,6484.875,-1724.88,1724.88
7662,7399.5,262.5,262.5
3543,3564.6,-21.6,21.6
12648,21730,-9082,9082
6151,5859.133333,291.87,291.87
13437,14667.52174,-1230.52,1230.52
3943,3893.238095,49.76,49.76
3782,4115.222222,-333.22,333.22
19225,19225,0,0
9845,10794,-949,949
6673,12327,-5654,5654
8371,6847.24,1523.76,1523.76
13873,13878.58333,-5.58,5.58
12898,12776.93506,121.06,121.06
4823,4244.757925,578.24,578.24
13941,13983.55263,-42.55,42.55
9134,10436,-1302,1302
10262,10396.91979,-134.92,134.92
5608,10008.5,-4400.5,4400.5
1965,2069.7,-104.7,104.7
12475,11005,1470,1470
3687,3687,0,0
14714,15477.44444,-763.44,763.44
12452,12372.79545,79.2,79.2
8456,6249.085714,2206.91,2206.91
12681,12901.64,-220.64,220.64
26890,25735,1155,1155
10262,10396.91979,-134.92,134.92
3898,4244.757925,-346.76,346.76
7408,12529.25641,-5121.26,5121.26
13848,19644,-5796,5796
9264,7360.911765,1903.09,1903.09
7648,7674.888889,-26.89,26.89
5228,5605.304348,-377.3,377.3
5201,6249.085714,-1048.09,1048.09
9663,10070.65882,-407.66,407.66
11682,10794,888,888
15147,15809.25397,-662.25,662.25
11134,10854.53488,279.47,279.47
10262,10396.91979,-134.92,134.92
4423,4244.757925,178.24,178.24
5515,4280.78,1234.22,1234.22
9663,8981.037736,681.96,681.96
5198,4644.4,553.6,553.6
3175,3057.289855,117.71,117.71
15812,15812,0,0
8656,11253.80645,-2597.81,2597.81
4545,4434,111,111
5192,5192,0,0
10321,8419.266667,1901.73,1901.73
6297,5003.313253,1293.69,1293.69
10844,10686.82353,157.18,157.18
5601,5489.1,111.9,111.9
3597,4244.757925,-647.76,647.76
2017,2069.7,-52.7,52.7
7229,7229,0,0
14714,15353.88889,-639.89,639.89
14714,14953.4,-239.4,239.4
3100,3057.289855,42.71,42.71
2227,2243.153846,-16.15,16.15
6144,7674.888889,-1530.89,1530.89
12725,11570.4,1154.6,1154.6
14960,14667.52174,292.48,292.48
13474,13231.875,242.12,242.12
4174,4740.48,-566.48,566.48
10919,11038.22222,-119.22,119.22
17024,16604,420,420
10844,10070.65882,773.34,773.34
5277,4244.757925,1032.24,1032.24
10844,10070.65882,773.34,773.34
4174,4740.48,-566.48,566.48
5228,5605.304348,-377.3,377.3
8529,10070.65882,-1541.66,1541.66
16655,16840,-185,185
4804,4740.48,63.52,63.52
3332,4087.7,-755.7,755.7
4957,4870.5,86.5,86.5
4050,4076.25,-26.25,26.25
4995,3731.125,1263.88,1263.88
15554,15646.53846,-92.54,92.54
10493,11480.2987,-987.3,987.3
13817,13744.23333,72.77,72.77
2228,3012.153846,-784.15,784.15
9258,9902.142857,-644.14,644.14
7110,5435.142857,1674.86,1674.86
5899,6547,-648,648
14848,8746.841463,6101.16,6101.16
12537,6847.24,5689.76,5689.76
9564,9564,0,0
5678,5678,0,0
7670,7532.142857,137.86,137.86
3911,3597,314,314
11349,12461.33333,-1112.33,1112.33
4082,5003.313253,-921.31,921.31
8085,8746.841463,-661.84,661.84
13439,13872,-433,433
4441,5489.1,-1048.1,1048.1
5177,5859.5,-682.5,682.5
10262,10396.91979,-134.92,134.92
10413,10434.06667,-21.07,21.07
12524,11471.91837,1052.08,1052.08
5380,5369.875,10.12,10.12
10624,12145.51111,-1521.51,1521.51
2754,3057.289855,-303.29,303.29
13067,13062.59459,4.41,4.41
12121,12145.51111,-24.51,24.51
12898,12776.93506,121.06,121.06
8367,11480.2987,-3113.3,3113.3
6883,10794,-3911,3911
12373,12427.25,-54.25,54.25
7408,12529.25641,-5121.26,5121.26
10844,10854.53488,-10.53,10.53
7211,5090.285714,2120.71,2120.71
7276,7674.888889,-398.89,398.89
15129,15646.53846,-517.54,517.54
11399,12427.25,-1028.25,1028.25
7229,6989.133333,239.87,239.87
3543,3558.047619,-15.05,15.05
3573,3753.255319,-180.26,180.26
13817,13744.23333,72.77,72.77
8586,8981.037736,-395.04,395.04
8529,10070.65882,-1541.66,1541.66
6152,6848.846154,-696.85,696.85
4409,4245.653465,163.35,163.35
10919,11038.22222,-119.22,119.22
6860,5929.758621,930.24,930.24
9794,9685.5,108.5,108.5
18804,15477.44444,3326.56,3326.56
10539,9909.631579,629.37,629.37
3873,3753.255319,119.74,119.74
2017,2017,0,0
6144,5099.333333,1044.67,1044.67
7408,7400.285714,7.71,7.71
10539,13093,-2554,2554
7480,7569.2,-89.2,89.2
10929,11422.81818,-493.82,493.82
6587,7350.176471,-763.18,763.18
5613,5615.45,-2.45,2.45
7229,7229,0,0
11934,10067,1867,1867
4077,4244.757925,-167.76,167.76
4823,4244.757925,578.24,578.24
14848,8746.841463,6101.16,6101.16
12767,12372.79545,394.2,394.2
9601,10310.72549,-709.73,709.73
9134,8981.037736,152.96,152.96
13381,11253.80645,2127.19,2127.19
9555,8746.841463,808.16,808.16
10368,10724.02326,-356.02,356.02
5510,5605.304348,-95.3,95.3
10208,8419.266667,1788.73,1788.73
3419,4244.757925,-825.76,825.76
5703,5489.1,213.9,213.9
4823,5000.4375,-177.44,177.44
4804,4740.48,63.52,63.52
7222,7494.75,-272.75,272.75
5380,4619.409091,760.59,760.59
12373,12427.25,-54.25,54.25
5975,5369.875,605.12,605.12
7229,7229,0,0
4668,5119.5,-451.5,451.5
11360,11422.81818,-62.82,62.82
8452,8746.841463,-294.84,294.84
4544,4644.4,-100.4,100.4
10368,10724.02326,-356.02,356.02
8372,8372,0,0
3419,4244.757925,-825.76,825.76
2754,3057.289855,-303.29,303.29
5117,6603.5,-1486.5,1486.5
8586,9324.102941,-738.1,738.1
13014,13525.11494,-511.11,511.11
6711,6914,-203,203
10203,9050,1153,1153
15029,16835.4375,-1806.44,1806.44
3943,4244.757925,-301.76,301.76
4804,4740.48,63.52,63.52
12898,12776.93506,121.06,121.06
7503,7400.230769,102.77,102.77
3943,4244.757925,-301.76,301.76
3841,4280.78,-439.78,439.78
7363,10794,-3431,3431
13292,13525.11494,-233.11,233.11
13376,13525.11494,-149.11,149.11
6565,5763.208333,801.79,801.79
7268,6659,609,609
10844,9909.631579,934.37,934.37
6979,7400.230769,-421.23,421.23
7178,6653,525,525
6117,6117,0,0
6902,7360.911765,-458.91,458.91
10067,12439.5,-2372.5,2372.5
11507,10724.02326,782.98,782.98
3419,4244.757925,-825.76,825.76
3625,3971.46,-346.46,346.46
8425,7350.176471,1074.82,1074.82
13014,13525.11494,-511.11,511.11
4282,4245.653465,36.35,36.35
9899,8981.037736,917.96,917.96
10844,10854.53488,-10.53,10.53
6857,5489.1,1367.9,1367.9
5678,5678,0,0
11474,9331.2,2142.8,2142.8
6442,6823.894737,-381.89,381.89
9627,9685.5,-58.5,58.5
4823,4244.757925,578.24,578.24
15129,15646.53846,-517.54,517.54
5678,5678,0,0
5281,5012.666667,268.33,268.33
11642,12648.39474,-1006.39,1006.39
13344,13344,0,0
4423,4244.757925,178.24,178.24
4441,5929.758621,-1488.76,1488.76
11791,9331.2,2459.8,2459.8
11410,9935.857143,1474.14,1474.14
6276,5012.666667,1263.33,1263.33
18286,15529,2757,2757
3850,4244.757925,-394.76,394.76
6442,6686.5,-244.5,244.5
7005,7516.363636,-511.36,511.36
7575,8746.841463,-1171.84,1171.84
14486,7021,7465,7465
7575,8746.841463,-1171.84,1171.84
4049,7155.333333,-3106.33,3106.33
12681,12901.64,-220.64,220.64
4176,6914,-2738,2738
4049,2999.243243,1049.76,1049.76
3597,4244.757925,-647.76,647.76
6393,9339.375,-2946.38,2946.38
3573,3753.255319,-180.26,180.26
6883,6847.24,35.76,35.76
4878,4903.2,-25.2,25.2
4804,4740.48,63.52,63.52
9345,8746.841463,598.16,598.16
10368,10724.02326,-356.02,356.02
5678,5678,0,0
14237,13525.11494,711.89,711.89
4995,4719.375,275.62,275.62
11098,12337.85714,-1239.86,1239.86
4174,3971.46,202.54,202.54
4632,4244.757925,387.24,387.24
10262,10396.91979,-134.92,134.92
4282,4245.653465,36.35,36.35
6381,8746.841463,-2365.84,2365.84
13941,13983.55263,-42.55,42.55
12898,12776.93506,121.06,121.06
6526,6760.84375,-234.84,234.84
7054,6823.894737,230.11,230.11
7084,7342,-258,258
12121,12145.51111,-24.51,24.51
4423,4244.757925,178.24,178.24
8016,8056.384615,-40.38,40.38
10976,11422.81818,-446.82,446.82
3782,5003.313253,-1221.31,1221.31
3841,3753.255319,87.74,87.74
2754,3057.289855,-303.29,303.29
2754,3057.289855,-303.29,303.29
7740,7188.75,551.25,551.25
4804,4740.48,63.52,63.52
11134,10070.65882,1063.34,1063.34
5678,5678,0,0
10031,10070.65882,-39.66,39.66
5883,5916.470588,-33.47,33.47
15103,14767.4,335.6,335.6
31825,27441,4384,4384
3311,3971.46,-660.46,660.46
10844,10854.53488,-10.53,10.53
12305,12337.66667,-32.67,32.67
11667,11421,246,246
3597,3597,0,0
4823,4244.757925,578.24,578.24
4326,4115.222222,210.78,210.78
15129,15646.53846,-517.54,517.54
10141,8735,1406,1406
6015,6249.085714,-234.09,234.09
9794,10187.29412,-393.29,393.29
11622,11471.91837,150.08,150.08
4319,3971.46,347.54,347.54
5583,5786.510204,-203.51,203.51
12723,12733.57895,-10.58,10.58
4804,4740.48,63.52,63.52
6093,6213.111111,-120.11,120.11
10262,10396.91979,-134.92,134.92
14571,14400.82317,170.18,170.18
3873,3921.108108,-48.11,48.11
4174,3971.46,202.54,202.54
6841,4692,2149,2149
9646,9588.2,57.8,57.8
7153,7308,-155,155
9319,10091,-772,772
4544,4644.4,-100.4,100.4
2017,2069.7,-52.7,52.7
11507,19595,-8088,8088
11789,10187.29412,1601.71,1601.71
13227,14667.52174,-1440.52,1440.52
13759,13970.36364,-211.36,211.36
14300,13525.11494,774.89,774.89
4649,4701.333333,-52.33,52.33
3971,3753.255319,217.74,217.74
5674,5065.111111,608.89,608.89
3898,4244.757925,-346.76,346.76
8610,8724.318182,-114.32,114.32
5678,8040,-2362,2362
14871,14303.52,567.48,567.48
6961,5605.304348,1355.7,1355.7
11942,11253.80645,688.19,688.19
7398,7674.888889,-276.89,276.89
13843,14767.4,-924.4,924.4
13377,12529.25641,847.74,847.74
5224,4740.48,483.52,483.52
6113,7674.888889,-1561.89,1561.89
9623,13744.23333,-4121.23,4121.23
10231,10310.72549,-79.73,79.73
8529,10070.65882,-1541.66,1541.66
13587,12529.25641,1057.74,1057.74
6528,6528,0,0
3841,3971.46,-130.46,130.46
7480,7480,0,0
5201,6249.085714,-1048.09,1048.09
5562,7662,-2100,2100
4667,5605.304348,-938.3,938.3
3943,3893.238095,49.76,49.76
3257,3971.46,-714.46,714.46
3540,4244.757925,-704.76,704.76
10671,10643.2,27.8,27.8
3841,3971.46,-130.46,130.46
13941,14400.82317,-459.82,459.82
3841,4280.78,-439.78,439.78
11087,10070.65882,1016.34,1016.34
6093,6213.111111,-120.11,120.11
4423,4244.757925,178.24,178.24
9274,7400.230769,1873.77,1873.77
8759,9935.857143,-1176.86,1176.86
10546,9928.666667,617.33,617.33
16376,15646.53846,729.46,729.46
5192,4619.409091,572.59,572.59
6144,7628,-1484,1484
6493,6180.083333,312.92,312.92
2071,4050,-1979,1979
7005,7400.285714,-395.29,395.29
5613,5337.941176,275.06,275.06
5678,7252.666667,-1574.67,1574.67
8425,8419.266667,5.73,5.73
8266,8746.841463,-480.84,480.84
7341,11619.90909,-4278.91,4278.91
4488,4740.48,-252.48,252.48
17234,17621.23077,-387.23,387.23
8586,8586,0,0
12395,12477.64286,-82.64,82.64
3210,4076.25,-866.25,866.25
5975,5369.875,605.12,605.12
10877,11471.91837,-594.92,594.92
5613,5615.45,-2.45,2.45
7480,7350.176471,129.82,129.82
13882,13525.11494,356.89,356.89
14053,13686.72727,366.27,366.27
3943,3893.238095,49.76,49.76
7438,6529.571429,908.43,908.43
10861,11674.73077,-813.73,813.73
8586,10854.53488,-2268.53,2268.53
14871,14303.52,567.48,567.48
5198,4690.44,507.56,507.56
6442,6335.5,106.5,106.5
4804,4740.48,63.52,63.52
4392,3057.289855,1334.71,1334.71
6094,6249.085714,-155.09,155.09
10262,10396.91979,-134.92,134.92
6117,6187,-70,70
2385,3173,-788,788
8586,9324.102941,-738.1,738.1
10262,10396.91979,-134.92,134.92
3383,4245.653465,-862.65,862.65
10844,10070.65882,773.34,773.34
9315,9685.5,-370.5,370.5
10351,7360.911765,2990.09,2990.09
4462,5003.313253,-541.31,541.31
6961,5605.304348,1355.7,1355.7
7742,12173,-4431,4431
8033,5929.758621,2103.24,2103.24
2050,3669.489796,-1619.49,1619.49
18275,15965,2310,2310
12898,12776.93506,121.06,121.06
12898,12776.93506,121.06,121.06
11627,10396.91979,1230.08,1230.08
6795,13066.47826,-6271.48,6271.48
13377,13066.47826,310.52,310.52
4575,3669.489796,905.51,905.51
15554,15646.53846,-92.54,92.54
13377,10224.9,3152.1,3152.1
5069,5069,0,0
6745,7360.911765,-615.91,615.91
11228,17712.25,-6484.25,6484.25
13882,13525.11494,356.89,356.89
5755,2017,3738,3738
7670,8013.5,-343.5,343.5
8529,9909.631579,-1380.63,1380.63
9314,9409.181818,-95.18,95.18
8759,9935.857143,-1176.86,1176.86
14714,15477.44444,-763.44,763.44
12125,9817.714286,2307.29,2307.29
13014,13525.11494,-511.11,511.11
14571,14400.82317,170.18,170.18
3873,3753.255319,119.74,119.74
18371,15477.44444,2893.56,2893.56
8330,7400.230769,929.77,929.77
12347,11422.81818,924.18,924.18
9663,9409.181818,253.82,253.82
14214,14856.46154,-642.46,642.46
5678,5678,0,0
9486,7549.769231,1936.23,1936.23
10539,10070.65882,468.34,468.34
12717,11028.75,1688.25,1688.25
3873,3921.108108,-48.11,48.11
11841,10070.65882,1770.34,1770.34
6144,7674.888889,-1530.89,1530.89
3841,3971.46,-130.46,130.46
19495,15353.88889,4141.11,4141.11
13727,12529.25641,1197.74,1197.74
15339,13525.11494,1813.89,1813.89
4174,4740.48,-566.48,566.48
8016,8056.384615,-40.38,40.38
11150,7810.266667,3339.73,3339.73
12436,12340.21429,95.79,95.79
4544,4258.285714,285.71,285.71
12898,10789.75,2108.25,2108.25
19595,19595,0,0
5626,8419.266667,-2793.27,2793.27
4488,4740.48,-252.48,252.48
6297,5003.313253,1293.69,1293.69
3540,4244.757925,-704.76,704.76
8839,11480.2987,-2641.3,2641.3
13626,14400.82317,-774.82,774.82
7229,6989.133333,239.87,239.87
19360,18485,875,875
6902,8735,-1833,1833
8073,7931.733333,141.27,141.27
12819,13525.11494,-706.11,706.11
10262,10396.91979,-134.92,134.92
8722,6254,2468,2468
5601,5489.1,111.9,111.9
6300,6300,0,0
23170,29528,-6358,6358
4423,3971.46,451.54,451.54
10844,10070.65882,773.34,773.34
4284,4244.757925,39.24,39.24
3943,4244.757925,-301.76,301.76
10262,10396.91979,-134.92,134.92
5947,6732.5,-785.5,785.5
11678,11346.85714,331.14,331.14
6216,6352.111111,-136.11,136.11
8040,8040,0,0
10844,10553.23077,290.77,290.77
11543,12733.57895,-1190.58,1190.58
8016,8056.384615,-40.38,40.38
4160,3731.125,428.88,428.88
6860,6285.4,574.6,574.6
2647,2729.444444,-82.44,82.44
12314,8199.5,4114.5,4114.5
4423,4244.757925,178.24,178.24
12192,12529.25641,-337.26,337.26
4268,4870.5,-602.5,602.5
14714,14746.15094,-32.15,32.15
1965,2069.7,-104.7,104.7
8625,8746.841463,-121.84,121.84
2754,2999.243243,-245.24,245.24
13344,13344,0,0
2575,2999.243243,-424.24,424.24
12395,12477.64286,-82.64,82.64
7064,5608,1456,1456
7171,5605.304348,1565.7,1565.7
4050,4719.375,-669.38,669.38
13727,13622,105,105
15129,15646.53846,-517.54,517.54
7503,6760.84375,742.16,742.16
13044,14400.82317,-1356.82,1356.82
14571,14400.82317,170.18,170.18
8728,9206,-478,478
16704,15646.53846,1057.46,1057.46
18275,18275,0,0
5228,5605.304348,-377.3,377.3
3100,3057.289855,42.71,42.71
15554,15646.53846,-92.54,92.54
5678,5678,0,0
8452,8746.841463,-294.84,294.84
4226,4619.409091,-393.41,393.41
16289,15477.44444,811.56,811.56
11087,10436,651,651
4823,4244.757925,578.24,578.24
13067,13062.59459,4.41,4.41
10151,9902.142857,248.86,248.86
9899,10553.23077,-654.23,654.23
5201,6249.085714,-1048.09,1048.09
2385,3173,-788,788
13381,11674.73077,1706.27,1706.27
7740,8746.841463,-1006.84,1006.84
8040,7252.666667,787.33,787.33
9663,10070.65882,-407.66,407.66
4632,4244.757925,387.24,387.24
7229,6250.066667,978.93,978.93
8372,8919.957447,-547.96,547.96
3841,3753.255319,87.74,87.74
12199,11480.2987,718.7,718.7
7229,7229,0,0
8586,8586,0,0
14973,15809.25397,-836.25,836.25
14300,13525.11494,774.89,774.89
12692,13369.61111,-677.61,677.61
10262,10396.91979,-134.92,134.92
12547,13744.23333,-1197.23,1197.23
7480,7350.176471,129.82,129.82
8844,8746.841463,97.16,97.16
4409,4245.653465,163.35,163.35
13377,13066.47826,310.52,310.52
8443,11188.125,-2745.12,2745.12
12102,10794,1308,1308
11410,9935.857143,1474.14,1474.14
3597,4244.757925,-647.76,647.76
7618,12529.25641,-4911.26,4911.26
18293,23879,-5586,5586
4319,4280.78,38.22,38.22
12284,12284,0,0
12192,12529.25641,-337.26,337.26
13591,11674.73077,1916.27,1916.27
6976,6393,583,583
9069,9593.2,-524.2,524.2
10008,9186.125,821.88,821.88
11087,10070.65882,1016.34,1016.34
6013,8746.841463,-2733.84,2733.84
9646,10224.9,-578.9,578.9
12681,12901.64,-220.64,220.64
6171,6171,0,0
13014,13471.64,-457.64,457.64
7408,12529.25641,-5121.26,5121.26
12395,12477.64286,-82.64,82.64
9134,9134,0,0
4878,5119.5,-241.5,241.5
10588,10724.02326,-136.02,136.02
3383,5929.758621,-2546.76,2546.76
4049,3669.489796,379.51,379.51
10844,10854.53488,-10.53,10.53
6938,6869.428571,68.57,68.57
9719,8406.6,1312.4,1312.4
13243,13878.58333,-635.58,635.58
3943,4244.757925,-301.76,301.76
4812,4639,173,173
7480,7569.2,-89.2,89.2
4077,4244.757925,-167.76,167.76
10262,10396.91979,-134.92,134.92
4049,3669.489796,379.51,379.51
12692,13369.61111,-677.61,677.61
4148,5003.313253,-855.31,855.31
8283,7931.733333,351.27,351.27
3943,4244.757925,-301.76,301.76
5073,5489.1,-416.1,416.1
6297,5003.313253,1293.69,1293.69
9646,8746.841463,899.16,899.16
10262,10396.91979,-134.92,134.92
9345,8746.841463,598.16,598.16
5583,5786.510204,-203.51,203.51
5678,7252.666667,-1574.67,1574.67
3873,3921.108108,-48.11,48.11
11087,11087,0,0
18192,15529,2663,2663
10262,10396.91979,-134.92,134.92
14483,17712.25,-3229.25,3229.25
7832,10070.65882,-2238.66,2238.66
3858,5003.313253,-1145.31,1145.31
3419,4244.757925,-825.76,825.76
8907,9050,-143,143
5192,5192,0,0
6442,6686.5,-244.5,244.5
13381,14856.46154,-1475.46,1475.46
4667,5605.304348,-938.3,938.3
6496,6914,-418,418
12692,13700.41667,-1008.42,1008.42
5883,5916.470588,-33.47,33.47
10203,10434.06667,-231.07,231.07
4937,4244.757925,692.24,692.24
14714,15477.44444,-763.44,763.44
10808,12173,-1365,1365
10844,10686.82353,157.18,157.18
11668,12648.39474,-980.39,980.39
2575,2999.243243,-424.24,424.24
6245,5605.304348,639.7,639.7
14237,14746.15094,-509.15,509.15
12121,12145.51111,-24.51,24.51
10262,10396.91979,-134.92,134.92
7888,12529.25641,-4641.26,4641.26
8938,8098,840,840
5409,5369.875,39.12,39.12
7229,7229,0,0
3502,4138.875,-636.88,636.88
6093,6232.315789,-139.32,139.32
3702,4644.4,-942.4,942.4
14015,14667.52174,-652.52,652.52
15342,14767.4,574.6,574.6
7452,7574.25,-122.25,122.25
10262,10396.91979,-134.92,134.92
10844,10844,0,0
8824,9352,-528,528
7480,7480,0,0
6860,7494.75,-634.75,634.75
4174,4740.48,-566.48,566.48
4174,4740.48,-566.48,566.48
7229,6989.133333,239.87,239.87
11752,12648.39474,-896.39,896.39
7229,6989.133333,239.87,239.87
3100,3669.489796,-569.49,569.49
13377,9092.583333,4284.42,4284.42
5176,5605.304348,-429.3,429.3
4668,4668,0,0
6628,6232.315789,395.68,395.68
4591,4244.757925,346.24,346.24
4174,4740.48,-566.48,566.48
6673,8031.2,-1358.2,1358.2
5406,5406,0,0
8475,7400.285714,1074.71,1074.71
3543,3564.6,-21.6,21.6
9929,8919.957447,1009.04,1009.04
7480,7569.2,-89.2,89.2
3807,4245.653465,-438.65,438.65
3597,4244.757925,-647.76,647.76
10123,9749,374,374
6795,10550.75,-3755.75,3755.75
3210,4076.25,-866.25,866.25
13381,12340.21429,1040.79,1040.79
9140,7549.769231,1590.23,1590.23
10231,11674.73077,-1443.73,1443.73
4823,4244.757925,578.24,578.24
13885,5763.208333,8121.79,8121.79
7575,8746.841463,-1171.84,1171.84
12284,12809.64,-525.64,525.64
4851,6352.111111,-1501.11,1501.11
11458,12648.39474,-1190.39,1190.39
10577,10396.91979,180.08,180.08
3873,3753.255319,119.74,119.74
3702,4690.44,-988.44,988.44
4148,5003.313253,-855.31,855.31
7064,7064,0,0
12681,12901.64,-220.64,220.64
12358,12337.66667,20.33,20.33
3943,4244.757925,-301.76,301.76
7485,8013.5,-528.5,528.5
14388,14400.82317,-12.82,12.82
8073,12529.25641,-4456.26,4456.26
4384,5763.208333,-1379.21,1379.21
12219,12817.75,-598.75,598.75
2227,2243.153846,-16.15,16.15
15058,12529.25641,2528.74,2528.74
13587,12529.25641,1057.74,1057.74
8016,8016,0,0
11423,7494.75,3928.25,3928.25
10196,11667,-1471,1471
8627,13231.875,-4604.88,4604.88
4937,5649,-712,712
14714,14746.15094,-32.15,32.15
12898,12776.93506,121.06,121.06
14571,14400.82317,170.18,170.18
13941,14400.82317,-459.82,459.82
6093,6532.588235,-439.59,439.59
12373,12427.25,-54.25,54.25
7408,7400.285714,7.71,7.71
12803,12225.5,577.5,577.5
8066,7064,1002,1002
13377,13066.47826,310.52,310.52
6241,4773,1468,1468
3841,4280.78,-439.78,439.78
13797,12529.25641,1267.74,1267.74
12373,12427.25,-54.25,54.25
3540,4244.757925,-704.76,704.76
4332,4244.757925,87.24,87.24
6121,5605.304348,515.7,515.7
13039,11480.2987,1558.7,1558.7
10844,10686.82353,157.18,157.18
9345,8746.841463,598.16,598.16
13626,14400.82317,-774.82,774.82
4804,4740.48,63.52,63.52
13486,12225.5,1260.5,1260.5
11999,12337.85714,-338.86,338.86
11142,9871,1271,1271
4668,4668,0,0
12327,6847.24,5479.76,5479.76
15129,15646.53846,-517.54,517.54
13790,13231.875,558.12,558.12
3841,3753.255319,87.74,87.74
16289,16835.4375,-546.44,546.44
3625,4280.78,-655.78,655.78
15544,15544,0,0
4649,4701.333333,-52.33,52.33
3311,3971.46,-660.46,660.46
24017,16142,7875,7875
19225,19225,0,0
5618,5003.313253,614.69,614.69
4174,4740.48,-566.48,566.48
7229,7229,0,0
7673,7913.4,-240.4,240.4
14714,14746.15094,-32.15,32.15
12384,10070.65882,2313.34,2313.34
12080,14556.5,-2476.5,2476.5
62427,26890,35537,35537
11410,9935.857143,1474.14,1474.14
9736,8746.841463,989.16,989.16
3873,3753.255319,119.74,119.74
10082,8853,1229,1229
13376,13525.11494,-149.11,149.11
13067,13700.41667,-633.42,633.42
5678,5678,0,0
4823,5000.4375,-177.44,177.44
5678,5678,0,0
14151,13369.61111,781.39,781.39
14714,15477.44444,-763.44,763.44
3311,3753.255319,-442.26,442.26
9564,9564,0,0
5911,5605.304348,305.7,305.7
3687,3687,0,0
9134,11087,-1953,1953
7932,6955,977,977
2227,2999.243243,-772.24,772.24
16289,16835.4375,-546.44,546.44
14960,14667.52174,292.48,292.48
12242,12372.79545,-130.8,130.8
10151,9902.142857,248.86,248.86
8582,9572.666667,-990.67,990.67
3943,4244.757925,-301.76,301.76
13376,13525.11494,-149.11,149.11
6251,4811.5,1439.5,1439.5
12942,10794,2148,2148
10262,10396.91979,-134.92,134.92
4804,4740.48,63.52,63.52
10262,10396.91979,-134.92,134.92
13555,15455.33333,-1900.33,1900.33
3815,4087.7,-272.7,272.7
6216,6352.111111,-136.11,136.11
3943,4244.757925,-301.76,301.76
10031,8981.037736,1049.96,1049.96
6630,10794,-4164,4164
3873,3971.46,-98.46,98.46
6850,8803.2,-1953.2,1953.2
7740,7188.75,551.25,551.25
5895,5065.111111,829.89,829.89
12898,10789.75,2108.25,2108.25
11200,11471.91837,-271.92,271.92
13180,12372.79545,807.2,807.2
16736,16856.79412,-120.79,120.79
6540,6529.571429,10.43,10.43
11269,10794,475,475
3841,3971.46,-130.46,130.46
16704,14746.15094,1957.85,1957.85
5198,4690.44,507.56,507.56
5706,6254,-548,548
14781,14400.82317,380.18,380.18
11664,11109.18182,554.82,554.82
6968,5786.510204,1181.49,1181.49
14714,14953.4,-239.4,239.4
6795,7549.769231,-754.77,754.77
13587,12529.25641,1057.74,1057.74
14388,14400.82317,-12.82,12.82
15129,15646.53846,-517.54,517.54
3807,4245.653465,-438.65,438.65
10844,10854.53488,-10.53,10.53
12192,10695.75,1496.25,1496.25
12537,12529.25641,7.74,7.74
4282,4245.653465,36.35,36.35
11789,11471.91837,317.08,317.08
6297,5003.313253,1293.69,1293.69
4326,5003.313253,-677.31,677.31
11848,13686.72727,-1838.73,1838.73
7682,6610,1072,1072
7229,7229,0,0
4030,4690.44,-660.44,660.44
11222,11480.2987,-258.3,258.3
7144,6823.894737,320.11,320.11
3257,3971.46,-714.46,714.46
3847,3834.2,12.8,12.8
8907,9050,-143,143
14151,13700.41667,450.58,450.58
7064,7064,0,0
8366,8919.957447,-553.96,553.96
3383,4245.653465,-862.65,862.65
2227,2999.243243,-772.24,772.24
6412,6823.894737,-411.89,411.89
11297,13744.23333,-2447.23,2447.23
9134,11087,-1953,1953
7303,7674.888889,-371.89,371.89
10844,10070.65882,773.34,773.34
8016,7674.888889,341.11,341.11
9103,9685.5,-582.5,582.5
13014,13471.64,-457.64,457.64
10262,10789.75,-527.75,527.75
14960,9817.714286,5142.29,5142.29
10262,10396.91979,-134.92,134.92
7198,7486.5,-288.5,288.5
12384,11619.90909,764.09,764.09
14781,14400.82317,380.18,380.18
7952,8003.882353,-51.88,51.88
11528,26092,-14564,14564
14388,14400.82317,-12.82,12.82
7414,5615.45,1798.55,1798.55
4995,4719.375,275.62,275.62
6442,6760.84375,-318.84,318.84
7191,7400.230769,-209.23,209.23
12373,12427.25,-54.25,54.25
9314,10070.65882,-756.66,756.66
3943,4244.757925,-301.76,301.76
3687,3687,0,0
16108,12529.25641,3578.74,3578.74
5281,5012.666667,268.33,268.33
1965,2054,-89,89
5515,4811.5,703.5,703.5
3502,4644.4,-1142.4,1142.4
7229,7229,0,0
14151,13369.61111,781.39,781.39
17549,16835.4375,713.56,713.56
13547,10310.72549,3236.27,3236.27
13401,13369.61111,31.39,31.39
4423,4280.78,142.22,142.22
8452,8746.841463,-294.84,294.84
14781,14400.82317,380.18,380.18
15434,14594,840,840
3384,3349.333333,34.67,34.67
10844,10686.82353,157.18,157.18
14714,15477.44444,-763.44,763.44
2437,2243.153846,193.85,193.85
12583,13686.72727,-1103.73,1103.73
3841,4280.78,-439.78,439.78
14714,15353.88889,-639.89,639.89
2017,2069.7,-52.7,52.7
11664,12372.79545,-708.8,708.8
5769,6250.066667,-481.07,481.07
6144,4690.44,1453.56,1453.56
8603,10310.72549,-1707.73,1707.73
7229,7229,0,0
3971,3921.108108,49.89,49.89
13727,13066.47826,660.52,660.52
3625,3971.46,-346.46,346.46
9134,9324.102941,-190.1,190.1
13941,13983.55263,-42.55,42.55
8662,8746.841463,-84.84,84.84
6496,6914,-418,418
13376,13525.11494,-149.11,149.11
3873,3971.46,-98.46,98.46
2017,2069.7,-52.7,52.7
5780,4244.757925,1535.24,1535.24
4752,5003.313253,-251.31,251.31
2071,4050,-1979,1979
12373,12427.25,-54.25,54.25
6117,6117,0,0
14815,16856.79412,-2041.79,2041.79
10231,10406,-175,175
4148,5003.313253,-855.31,855.31
10844,10854.53488,-10.53,10.53
5177,5859.5,-682.5,682.5
9905,10724.02326,-819.02,819.02
3807,4087.7,-280.7,280.7
14781,14400.82317,380.18,380.18
5176,5605.304348,-429.3,429.3
14714,14746.15094,-32.15,32.15
4960,5003.313253,-43.31,43.31
4995,4719.375,275.62,275.62
14714,14746.15094,-32.15,32.15
13014,15477.44444,-2463.44,2463.44
16704,15646.53846,1057.46,1057.46
6838,6213.111111,624.89,624.89
3673,5842,-2169,2169
14231,13970.36364,260.64,260.64
4423,4244.757925,178.24,178.24
5912,5499.25,412.75,412.75
5054,5489.1,-435.1,435.1
6513,8746.841463,-2233.84,2233.84
8529,9324.102941,-795.1,795.1
14300,13525.11494,774.89,774.89
14781,14400.82317,380.18,380.18
13941,13983.55263,-42.55,42.55
4781,4846.166667,-65.17,65.17
4668,4668,0,0
4778,5763.208333,-985.21,985.21
15411,15809.25397,-398.25,398.25
9358,8355,1003,1003
17261,16856.79412,404.21,404.21
22270,25735,-3465,3465
18799,18934.125,-135.12,135.12
8586,10070.65882,-1484.66,1484.66
6961,5605.304348,1355.7,1355.7
9977,12337.66667,-2360.67,2360.67
5699,5000.4375,698.56,698.56
13759,13970.36364,-211.36,211.36
3419,4244.757925,-825.76,825.76
15129,15646.53846,-517.54,517.54
7664,12337.66667,-4673.67,4673.67
6442,6335.5,106.5,106.5
8925,11028.75,-2103.75,2103.75
10844,10686.82353,157.18,157.18
8018,8746.841463,-728.84,728.84
5118,5377,-259,259
7520,6823.894737,696.11,696.11
10262,10396.91979,-134.92,134.92
8040,7095.2,944.8,944.8
7171,5605.304348,1565.7,1565.7
9595,7931.733333,1663.27,1663.27
8851,6254,2597,2597
10262,10396.91979,-134.92,134.92
3597,4244.757925,-647.76,647.76
10262,10396.91979,-134.92,134.92
4049,3669.489796,379.51,379.51
10031,10686.82353,-655.82,655.82
13832,12677,1155,1155
14151,13700.41667,450.58,450.58
14781,13983.55263,797.45,797.45
4174,4280.78,-106.78,106.78
13591,12340.21429,1250.79,1250.79
4483,4245.653465,237.35,237.35
3210,3012.153846,197.85,197.85
3841,3753.255319,87.74,87.74
2647,2729.444444,-82.44,82.44
9413,4150,5263,5263
4823,4244.757925,578.24,578.24
13164,11480.2987,1683.7,1683.7
10262,10396.91979,-134.92,134.92
11087,11087,0,0
13014,13471.64,-457.64,457.64
4544,4138.875,405.12,405.12
6297,5003.313253,1293.69,1293.69
10262,10396.91979,-134.92,134.92
16863,18023.375,-1160.38,1160.38
22270,22270,0,0
4823,4244.757925,578.24,578.24
8352,12841,-4489,4489
8529,10070.65882,-1541.66,1541.66
16914,20384.5,-3470.5,3470.5
7229,6801.416667,427.58,427.58
5583,6547,-964,964
6181,4245.653465,1935.35,1935.35
12410,12410,0,0
4804,4740.48,63.52,63.52
12681,12901.64,-220.64,220.64
16389,7619,8770,8770
8016,8016,0,0
3943,3893.238095,49.76,49.76
13576,11977.125,1598.88,1598.88
6481,8746.841463,-2265.84,2265.84
9001,8746.841463,254.16,254.16
7412,9324.102941,-1912.1,1912.1
14237,15477.44444,-1240.44,1240.44
3850,4244.757925,-394.76,394.76
4174,4740.48,-566.48,566.48
13307,11253.80645,2053.19,2053.19
12767,12372.79545,394.2,394.2
7514,6674,840,840
10197,12529.25641,-2332.26,2332.26
8099,8746.841463,-647.84,647.84
4804,4740.48,63.52,63.52
10844,9909.631579,934.37,934.37
6223,6223,0,0
17024,16604,420,420
10203,9050,1153,1153
7229,7229,0,0
4106,6335.5,-2229.5,2229.5
7438,6529.571429,908.43,908.43
5613,5337.941176,275.06,275.06
7832,9324.102941,-1492.1,1492.1
3419,4244.757925,-825.76,825.76
8586,9663,-1077,1077
12734,12337.66667,396.33,396.33
4823,4244.757925,578.24,578.24
10090,10167.5,-77.5,77.5
10844,10854.53488,-10.53,10.53
13611,14303.52,-692.52,692.52
4668,4903.2,-235.2,235.2
11911,11480.2987,430.7,430.7
3100,3057.289855,42.71,42.71
10539,10070.65882,468.34,468.34
7229,7229,0,0
4544,4258.285714,285.71,285.71
12537,6847.24,5689.76,5689.76
7229,7229,0,0
11667,11421,246,246
4226,5000.4375,-774.44,774.44
13378,10794,2584,2584
4259,5377,-1118,1118
5176,5605.304348,-429.3,429.3
14178,14400.82317,-222.82,222.82
13067,13700.41667,-633.42,633.42
4107,4245.653465,-138.65,138.65
10945,12415,-1470,1470
7120,4245.653465,2874.35,2874.35
4775,4870.5,-95.5,95.5
13292,13525.11494,-233.11,233.11
3943,3893.238095,49.76,49.76
12996,12901.64,94.36,94.36
6015,5489.1,525.9,525.9
3342,2999.243243,342.76,342.76
7222,6936.25,285.75,285.75
3597,3597,0,0
5897,5012.666667,884.33,884.33
7832,8981.037736,-1149.04,1149.04
11654,11346.85714,307.14,307.14
3527,4639.59375,-1112.59,1112.59
13584,14400.82317,-816.82,816.82
9870,9948.5,-78.5,78.5
8040,7252.666667,787.33,787.33
6245,5605.304348,639.7,639.7
14676,13369.61111,1306.39,1306.39
1965,2017,-52,52
3100,3669.489796,-569.49,569.49
14781,14400.82317,380.18,380.18
11690,21730,-10040,10040
7757,9909.631579,-2152.63,2152.63
4804,4740.48,63.52,63.52
5406,5065.111111,340.89,340.89
6860,7494.75,-634.75,634.75
13727,13066.47826,660.52,660.52
4049,3669.489796,379.51,379.51
12173,12173,0,0
9968,10310.72549,-342.73,342.73
4423,4244.757925,178.24,178.24
10991,11253.80645,-262.81,262.81
12898,10396.91979,2501.08,2501.08
6309,4639.59375,1669.41,1669.41
4140,17327,-13187,13187
4107,4245.653465,-138.65,138.65
7229,7229,0,0
4784,5649,-865,865
13029,12427.25,601.75,601.75
3383,4245.653465,-862.65,862.65
14408,9339.375,5068.62,5068.62
2754,3057.289855,-303.29,303.29
7064,7064,0,0
8040,7252.666667,787.33,787.33
10406,10406,0,0
9626,9902.142857,-276.14,276.14
5279,5069,210,210
13376,13525.11494,-149.11,149.11
10368,10724.02326,-356.02,356.02
10262,10396.91979,-134.92,134.92
7303,6571,732,732
11410,9935.857143,1474.14,1474.14
7258,6451,807,807
7888,12529.25641,-4641.26,4641.26
5797,5908,-111,111
9536,8040,1496,1496
4384,5003.313253,-619.31,619.31
8371,8746.841463,-375.84,375.84
10262,10396.91979,-134.92,134.92
6093,5908,185,185
9385,12529.25641,-3144.26,3144.26
14151,13369.61111,781.39,781.39
13817,13744.23333,72.77,72.77
12402,12337.85714,64.14,64.14
12476,9186.125,3289.88,3289.88
13044,14400.82317,-1356.82,1356.82
6540,6529.571429,10.43,10.43
8327,8419.266667,-92.27,92.27
10844,10686.82353,157.18,157.18
3919,3971.46,-52.46,52.46
7893,7893,0,0
4145,5605.304348,-1460.3,1460.3
6961,5605.304348,1355.7,1355.7
7229,7229,0,0
7202,6612.8,589.2,589.2
6961,5605.304348,1355.7,1355.7
13243,13878.58333,-635.58,635.58
13376,13471.64,-95.64,95.64
3739,5337.941176,-1598.94,1598.94
8372,8372,0,0
6077,8849,-2772,2772
5678,5678,0,0
3419,4244.757925,-825.76,825.76
6979,7400.230769,-421.23,421.23
10262,10396.91979,-134.92,134.92
7408,12529.25641,-5121.26,5121.26
3687,3687,0,0
12351,14303.52,-1952.52,1952.52
12537,6847.24,5689.76,5689.76
8824,9352,-528,528
6482,8697.75,-2215.75,2215.75
4049,3669.489796,379.51,379.51
3384,4087.7,-703.7,703.7
10441,11674.73077,-1233.73,1233.73
2227,2999.243243,-772.24,772.24
4668,4668,0,0
10676,9902.142857,773.86,773.86
4804,4740.48,63.52,63.52
9564,9564,0,0
6354,6686,-332,332
6860,7674.888889,-814.89,814.89
7677,8746.841463,-1069.84,1069.84
4384,5763.208333,-1379.21,1379.21
11087,10070.65882,1016.34,1016.34
12692,13700.41667,-1008.42,1008.42
7845,12327,-4482,4482
14388,13983.55263,404.45,404.45
13067,12145.51111,921.49,921.49
12927,12529.25641,397.74,397.74
4823,4244.757925,578.24,578.24
5678,5678,0,0
4990,5000.4375,-10.44,10.44
15135,15809.25397,-674.25,674.25
10262,10396.91979,-134.92,134.92
3398,4244.757925,-846.76,846.76
10197,9685.5,511.5,511.5
9187,8746.841463,440.16,440.16
6216,6352.111111,-136.11,136.11
8049,9413,-1364,1364
22270,19225,3045,3045
13677,14343,-666,666
4804,4740.48,63.52,63.52
10844,9909.631579,934.37,934.37
10111,9331.2,779.8,779.8
6121,5605.304348,515.7,515.7
4823,4244.757925,578.24,578.24
10262,10396.91979,-134.92,134.92
10262,10396.91979,-134.92,134.92
6722,4244.757925,2477.24,2477.24
5684,5916.470588,-232.47,232.47
4995,4719.375,275.62,275.62
15812,15864,-52,52
6151,5859.133333,291.87,291.87
4148,5003.313253,-855.31,855.31
13731,13983.55263,-252.55,252.55
7450,7674.888889,-224.89,224.89
12767,12372.79545,394.2,394.2
10368,10724.02326,-356.02,356.02
15129,15646.53846,-517.54,517.54
10283,10310.72549,-27.73,27.73
12242,12372.79545,-130.8,130.8
4804,4740.48,63.52,63.52
9187,8746.841463,440.16,440.16
13381,14856.46154,-1475.46,1475.46
14714,14746.15094,-32.15,32.15
4049,3669.489796,379.51,379.51
10844,10686.82353,157.18,157.18
8820,8746.841463,73.16,73.16
5232,10654,-5422,5422
5678,5678,0,0
18804,19609,-805,805
5510,5605.304348,-95.3,95.3
12373,12427.25,-54.25,54.25
6416,6213.111111,202.89,202.89
6669,5000.4375,1668.56,1668.56
4030,4690.44,-660.44,660.44
5999,6529.571429,-530.57,530.57
13377,9092.583333,4284.42,4284.42
14300,13525.11494,774.89,774.89
5192,5192,0,0
5073,5499.25,-426.25,426.25
7438,6529.571429,908.43,908.43
10368,10724.02326,-356.02,356.02
8576,8919.957447,-343.96,343.96
21730,21730,0,0
4995,4719.375,275.62,275.62
4413,4087.7,325.3,325.3
4995,4719.375,275.62,275.62
4823,4244.757925,578.24,578.24
4591,4244.757925,346.24,346.24
7664,12337.66667,-4673.67,4673.67
11467,12145.51111,-678.51,678.51
4544,4138.875,405.12,405.12
14571,14400.82317,170.18,170.18
5583,5786.510204,-203.51,203.51
5899,5786.510204,112.49,112.49
8273,5605.304348,2667.7,2667.7
10586,8343,2243,2243
6794,6760.84375,33.16,33.16
2754,3057.289855,-303.29,303.29
6979,7400.230769,-421.23,421.23
9581,9130.857143,450.14,450.14
10539,13093,-2554,2554
5073,5489.1,-416.1,416.1
7081,7400.230769,-319.23,319.23
9385,8735,650,650
7229,7229,0,0
14410,14667.52174,-257.52,257.52
16079,15646.53846,432.46,432.46
1965,1988.25,-23.25,23.25
12475,15721.25,-3246.25,3246.25
10203,10434.06667,-231.07,231.07
3383,4639.59375,-1256.59,1256.59
4049,3669.489796,379.51,379.51
11664,12372.79545,-708.8,708.8
9653,10310.72549,-657.73,657.73
14221,10991,3230,3230
11622,12337.85714,-715.86,715.86
7064,7064,0,0
4804,4740.48,63.52,63.52
15129,15646.53846,-517.54,517.54
12327,6847.24,5479.76,5479.76
10913,10310.72549,602.27,602.27
17282,16835.4375,446.56,446.56
7229,7297.142857,-68.14,68.14
4544,4644.4,-100.4,100.4
3971,3921.108108,49.89,49.89
12592,12648.39474,-56.39,56.39
3841,4280.78,-439.78,439.78
8016,8056.384615,-40.38,40.38
9103,9685.5,-582.5,582.5
4462,4115.222222,346.78,346.78
3543,3564.6,-21.6,21.6
7229,7229,0,0
9416,9902.142857,-486.14,486.14
5575,4639.59375,935.41,935.41
10262,10396.91979,-134.92,134.92
15554,16835.4375,-1281.44,1281.44
3873,3971.46,-98.46,98.46
5830,5622,208,208
3597,4244.757925,-647.76,647.76
6121,5605.304348,515.7,515.7
9165,9749,-584,584
6860,7494.75,-634.75,634.75
5298,5786.510204,-488.51,488.51
7064,7064,0,0
8586,10854.53488,-2268.53,2268.53
6218,6250,-32,32
3597,4244.757925,-647.76,647.76
3943,4244.757925,-301.76,301.76
7048,6532.588235,515.41,515.41
4030,4258.285714,-228.29,228.29
4804,4740.48,63.52,63.52
10919,11038.22222,-119.22,119.22
6937,5499.25,1437.75,1437.75
14777,15474.5,-697.5,697.5
4319,3971.46,347.54,347.54
5613,5615.45,-2.45,2.45
6582,5786.510204,795.49,795.49
6961,5605.304348,1355.7,1355.7
5636,5786.510204,-150.51,150.51
6987,8803.2,-1816.2,1816.2
13843,14767.4,-924.4,924.4
11003,9339.375,1663.62,1663.62
14571,14400.82317,170.18,170.18
4804,4740.48,63.52,63.52
10262,10396.91979,-134.92,134.92
14924,13525.11494,1398.89,1398.89
3383,5929.758621,-2546.76,2546.76
19644,19644,0,0
5963,6014.875,-51.88,51.88
9254,8098,1156,1156
12121,13062.59459,-941.59,941.59
13994,13093,901,901
16079,15646.53846,432.46,432.46
10262,10396.91979,-134.92,134.92
8425,8419.266667,5.73,5.73
15029,16835.4375,-1806.44,1806.44
13587,13622,-35,35
10703,10070.65882,632.34,632.34
6857,5000.4375,1856.56,1856.56
14676,13369.61111,1306.39,1306.39
8759,6848.846154,1910.15,1910.15
36235,25913,10322,10322
4284,4244.757925,39.24,39.24
5058,5786.510204,-728.51,728.51
13748,17712.25,-3964.25,3964.25
18253,17621.23077,631.77,631.77
5403,5615.45,-212.45,212.45
7154,10794,-3640,3640
15812,15812,0,0
12681,12901.64,-220.64,220.64
13014,13471.64,-457.64,457.64
16079,15646.53846,432.46,432.46
11552,11253.80645,298.19,298.19
7202,6612.8,589.2,589.2
4148,5003.313253,-855.31,855.31
12534,12600.375,-66.38,66.38
15764,16835.4375,-1071.44,1071.44
10844,10686.82353,157.18,157.18
5403,5615.45,-212.45,212.45
15170,14667.52174,502.48,502.48
8479,8746.841463,-267.84,267.84
8586,10854.53488,-2268.53,2268.53
7064,7064,0,0
3625,3057.289855,567.71,567.71
18797,17327,1470,1470
8016,8016,0,0
5894,5916.470588,-22.47,22.47
10844,10854.53488,-10.53,10.53
10262,10396.91979,-134.92,134.92
8366,8628.5,-262.5,262.5
9794,10187.29412,-393.29,393.29
6540,6529.571429,10.43,10.43
10844,10854.53488,-10.53,10.53
18275,18275,0,0
10262,10789.75,-527.75,527.75
8016,8016,0,0
14151,13369.61111,781.39,781.39
7858,13066.47826,-5208.48,5208.48
14067,9092.583333,4974.42,4974.42
2754,2999.243243,-245.24,245.24
3597,4244.757925,-647.76,647.76
12488,11480.2987,1007.7,1007.7
6316,5916.470588,399.53,399.53
3100,2890,210,210
4409,4245.653465,163.35,163.35
7229,7229,0,0
4077,4244.757925,-167.76,167.76
7295,8697.75,-1402.75,1402.75
4591,4244.757925,346.24,346.24
7280,8981.037736,-1701.04,1701.04
13994,13093,901,901
15129,13471.64,1657.36,1657.36
10562,9324.102941,1237.9,1237.9
14861,16835.4375,-1974.44,1974.44
8834,7810.266667,1023.73,1023.73
14441,15477.44444,-1036.44,1036.44
14714,13525.11494,1188.89,1188.89
7757,8981.037736,-1224.04,1224.04
10151,9902.142857,248.86,248.86
15129,15646.53846,-517.54,517.54
4544,4258.285714,285.71,285.71
8085,6529.571429,1555.43,1555.43
3807,4087.7,-280.7,280.7
13029,12776.93506,252.06,252.06
13727,12529.25641,1197.74,1197.74
7229,7229,0,0
3625,3971.46,-346.46,346.46
5073,5786.510204,-713.51,713.51
4392,3669.489796,722.51,722.51
3384,3349.333333,34.67,34.67
11507,10724.02326,782.98,782.98
6015,5489.1,525.9,525.9
4823,4244.757925,578.24,578.24
12819,13525.11494,-706.11,706.11
13817,13744.23333,72.77,72.77
10262,10396.91979,-134.92,134.92
10262,10396.91979,-134.92,134.92
5769,6801.416667,-1032.42,1032.42
10262,10396.91979,-134.92,134.92
3943,4244.757925,-301.76,301.76
13081,13915,-834,834
8610,8746.841463,-136.84,136.84
14871,14303.52,567.48,567.48
8586,10070.65882,-1484.66,1484.66
9345,8746.841463,598.16,598.16
4668,4712.210526,-44.21,44.21
8266,8746.841463,-480.84,480.84
12242,12372.79545,-130.8,130.8
15894,12972.77778,2921.22,2921.22
7038,8746.841463,-1708.84,1708.84
10909,11109.18182,-200.18,200.18
14676,13369.61111,1306.39,1306.39
8016,8056.384615,-40.38,40.38
6653,6717,-64,64
6245,5605.304348,639.7,639.7
8073,12529.25641,-4456.26,4456.26
3873,3971.46,-98.46,98.46
10262,10396.91979,-134.92,134.92
7318,6760.84375,557.16,557.16
4174,4740.48,-566.48,566.48
10262,10396.91979,-134.92,134.92
13882,13525.11494,356.89,356.89
10539,13093,-2554,2554
13759,13970.36364,-211.36,211.36
5054,5489.1,-435.1,435.1
5177,4757,420,420
6628,6232.315789,395.68,395.68
9345,9362.333333,-17.33,17.33
5135,5069,66,66
3919,3753.255319,165.74,165.74
6068,6529.571429,-461.57,461.57
3859,3558.047619,300.95,300.95
6412,6869.428571,-457.43,457.43
14151,13369.61111,781.39,781.39
3100,3057.289855,42.71,42.71
13555,12809.64,745.36,745.36
16057,13878.58333,2178.42,2178.42
13014,13471.64,-457.64,457.64
7174,8172,-998,998
4077,4244.757925,-167.76,167.76
20064,20384.5,-320.5,320.5
7631,7674.888889,-43.89,43.89
7952,7350.176471,601.82,601.82
13555,12295,1260,1260
13817,13744.23333,72.77,72.77
8266,8746.841463,-480.84,480.84
14815,16856.79412,-2041.79,2041.79
13542,10794,2748,2748
14848,12529.25641,2318.74,2318.74
5583,5786.510204,-203.51,203.51
12898,12776.93506,121.06,121.06
11982,11982,0,0
9502,8746.841463,755.16,755.16
10566,9339.375,1226.62,1226.62
6442,6442,0,0
6377,7360.911765,-983.91,983.91
4804,4740.48,63.52,63.52
4851,8095.4,-3244.4,3244.4
14533,12529.25641,2003.74,2003.74
11491,10310.72549,1180.27,1180.27
14781,14400.82317,380.18,380.18
6270,6388.75,-118.75,118.75
8073,12529.25641,-4456.26,4456.26
8016,8056.384615,-40.38,40.38
16736,16856.79412,-120.79,120.79
5831,4846.166667,984.83,984.83
10703,11480.2987,-777.3,777.3
15764,16604,-840,840
6373,6180.083333,192.92,192.92
3873,3921.108108,-48.11,48.11
8016,8016,0,0
15554,15646.53846,-92.54,92.54
12970,11480.2987,1489.7,1489.7
3543,3558.047619,-15.05,15.05
12723,12733.57895,-10.58,10.58
6015,5489.1,525.9,525.9
13067,13062.59459,4.41,4.41
3943,4244.757925,-301.76,301.76
4649,4701.333333,-52.33,52.33
11841,10070.65882,1770.34,1770.34
3873,4639.59375,-766.59,766.59
6565,5763.208333,801.79,801.79
10493,10310.72549,182.27,182.27
3858,4244.757925,-386.76,386.76
10262,10396.91979,-134.92,134.92
10697,11480.2987,-783.3,783.3
12121,12145.51111,-24.51,24.51
9663,10070.65882,-407.66,407.66
12692,13700.41667,-1008.42,1008.42
7464,5786.510204,1677.49,1677.49
3100,2890,210,210
14714,14746.15094,-32.15,32.15
8420,4245.653465,4174.35,4174.35
7064,7064,0,0
13759,13970.36364,-211.36,211.36
8792,9572.666667,-780.67,780.67
6381,8746.841463,-2365.84,2365.84
3971,3753.255319,217.74,217.74
13377,9092.583333,4284.42,4284.42
15411,15809.25397,-398.25,398.25
3858,5003.313253,-1145.31,1145.31
10262,10789.75,-527.75,527.75
8892,10310.72549,-1418.73,1418.73
14887,9902.142857,4984.86,4984.86
4823,4244.757925,578.24,578.24
15129,15646.53846,-517.54,517.54
,,,
,,-32.8267633,889.4125741
